"","",".1",".2","Act.","F'cast","Prior"
"1","Wed, Dec 09, 2015","10:30","US DOE Distillate Inventories",4998,"2250",3051
"2","Wed, Dec 09, 2015","10:30","US DOE Crude Oil Inventories",-3568,"1300",1177
"3","Wed, Dec 09, 2015","10:30","US DOE Gasoline Inventories",786,"1750",135
"4","Wed, Dec 09, 2015","10:30","US DOE Refinery Utilization",-1.4,"0.5",2.5
"5","Wed, Dec 02, 2015","10:30","US DOE Distillate Inventories",3051,"500",1046
"6","Wed, Dec 02, 2015","10:30","US DOE Crude Oil Inventories",1177,"-800",961
"7","Wed, Dec 02, 2015","10:30","US DOE Gasoline Inventories",135,"1550",2478
"8","Wed, Dec 02, 2015","10:30","US DOE Refinery Utilization",2.5,"0.5",1.7
"9","Wed, Nov 25, 2015","10:30","US DOE Distillate Inventories",1046,"-750",-791
"10","Wed, Nov 25, 2015","10:30","US DOE Crude Oil Inventories",961,"1000",252
"11","Wed, Nov 25, 2015","10:30","US DOE Gasoline Inventories",2478,"950",1009
"12","Wed, Nov 25, 2015","10:30","US DOE Refinery Utilization",1.7,"0.4",0.8
"13","Wed, Nov 18, 2015","10:30","US DOE Distillate Inventories",-791,"-500",352
"14","Wed, Nov 18, 2015","10:30","US DOE Crude Oil Inventories",252,"2000",4224
"15","Wed, Nov 18, 2015","10:30","US DOE Gasoline Inventories",1009,"-500",-2102
"16","Wed, Nov 18, 2015","10:30","US DOE Refinery Utilization",0.8,"0.5",0.8
"17","Thu, Nov 12, 2015","11:00","US DOE Distillate Inventories",352,"-1000",-1300
"18","Thu, Nov 12, 2015","11:00","US DOE Crude Oil Inventories",4224,"1300",2847
"19","Thu, Nov 12, 2015","11:00","US DOE Gasoline Inventories",-2102,"-1000",-3300
"20","Thu, Nov 12, 2015","11:00","US DOE Refinery Utilization",0.8,"0.5",1.1
"21","Wed, Nov 04, 2015","10:30","US DOE Distillate Inventories",-1300,"-2000",-2951
"22","Wed, Nov 04, 2015","10:30","US DOE Crude Oil Inventories",2847,"2500",3376
"23","Wed, Nov 04, 2015","10:30","US DOE Gasoline Inventories",-3300,"-1250",-1137
"24","Wed, Nov 04, 2015","10:30","US DOE Refinery Utilization",1.1,"0.3",1.2
"25","Wed, Oct 28, 2015","10:30","US DOE Distillate Inventories",-2951,"-1750",-2622
"26","Wed, Oct 28, 2015","10:30","US DOE Crude Oil Inventories",3376,"3750",8028
"27","Wed, Oct 28, 2015","10:30","US DOE Gasoline Inventories",-1137,"-1050",-1518
"28","Wed, Oct 28, 2015","10:30","US DOE Refinery Utilization",1.2,"0",0.4
"29","Wed, Oct 21, 2015","10:30","US DOE Distillate Inventories",-2622,"-1100",-1520
"30","Wed, Oct 21, 2015","10:30","US DOE Crude Oil Inventories",8028,"3750",7562
"31","Wed, Oct 21, 2015","10:30","US DOE Gasoline Inventories",-1518,"-1000",-2618
"32","Wed, Oct 21, 2015","10:30","US DOE Refinery Utilization",0.4,"-0.5",-1.5
"33","Thu, Oct 15, 2015","11:00","US DOE Distillate Inventories",-1520,"-700",-2458
"34","Thu, Oct 15, 2015","11:00","US DOE Crude Oil Inventories",7562,"2577",3073
"35","Thu, Oct 15, 2015","11:00","US DOE Gasoline Inventories",-2618,"-1250",1910
"36","Thu, Oct 15, 2015","11:00","US DOE Refinery Utilization",-1.5,"-0.58",-2.3
"37","Wed, Oct 07, 2015","10:30","US DOE Distillate Inventories",-2458,"-300",-267
"38","Wed, Oct 07, 2015","10:30","US DOE Crude Oil Inventories",3073,"2250",3955
"39","Wed, Oct 07, 2015","10:30","US DOE Gasoline Inventories",1910,"250",3254
"40","Wed, Oct 07, 2015","10:30","US DOE Refinery Utilization",-2.3,"-0.5",-1.1
"41","Wed, Sep 30, 2015","10:30","US DOE Distillate Inventories",-267,"-800",-2088
"42","Wed, Sep 30, 2015","10:30","US DOE Crude Oil Inventories",3955,"0",-1925
"43","Wed, Sep 30, 2015","10:30","US DOE Gasoline Inventories",3254,"-500",1369
"44","Wed, Sep 30, 2015","10:30","US DOE Refinery Utilization",-1.1,"-0.45",-2.2
"45","Wed, Sep 23, 2015","10:30","US DOE Distillate Inventories",-2088,"950",3060
"46","Wed, Sep 23, 2015","10:30","US DOE Crude Oil Inventories",-1925,"-1250",-2104
"47","Wed, Sep 23, 2015","10:30","US DOE Gasoline Inventories",1369,"850",2840
"48","Wed, Sep 23, 2015","10:30","US DOE Refinery Utilization",-2.2,"-0.5",2.2
"49","Wed, Sep 16, 2015","10:30","US DOE Distillate Inventories",3060,"300",952
"50","Wed, Sep 16, 2015","10:30","US DOE Crude Oil Inventories",-2104,"2000",2570
"51","Wed, Sep 16, 2015","10:30","US DOE Gasoline Inventories",2840,"-500",384
"52","Wed, Sep 16, 2015","10:30","US DOE Refinery Utilization",2.2,"-0.55",-1.9
"53","Thu, Sep 10, 2015","11:00","US DOE Distillate Inventories",952,"900",115
"54","Thu, Sep 10, 2015","11:00","US DOE Crude Oil Inventories",2570,"900",4667
"55","Thu, Sep 10, 2015","11:00","US DOE Gasoline Inventories",384,"-150",-271
"56","Thu, Sep 10, 2015","11:00","US DOE Refinery Utilization",-1.9,"-0.5",-1.7
"57","Wed, Sep 02, 2015","10:30","US DOE Distillate Inventories",115,"1000",1436
"58","Wed, Sep 02, 2015","10:30","US DOE Crude Oil Inventories",4667,"900",-5452
"59","Wed, Sep 02, 2015","10:30","US DOE Gasoline Inventories",-271,"-2000",1660
"60","Wed, Sep 02, 2015","10:30","US DOE Refinery Utilization",-1.7,"-0.5",-0.6
"61","Wed, Aug 26, 2015","10:30","US DOE Distillate Inventories",1436,"1020",594
"62","Wed, Aug 26, 2015","10:30","US DOE Crude Oil Inventories",-5452,"1450",2620
"63","Wed, Aug 26, 2015","10:30","US DOE Gasoline Inventories",1660,"-950",-2708
"64","Wed, Aug 26, 2015","10:30","US DOE Refinery Utilization",-0.6,"-0.5",-1
"65","Wed, Aug 19, 2015","10:30","US DOE Distillate Inventories",594,"1500",2994
"66","Wed, Aug 19, 2015","10:30","US DOE Crude Oil Inventories",2620,"-820",-1682
"67","Wed, Aug 19, 2015","10:30","US DOE Gasoline Inventories",-2708,"-1250",-1251
"68","Wed, Aug 19, 2015","10:30","US DOE Refinery Utilization",-1,"-0.5",0
"69","Wed, Aug 12, 2015","10:30","US DOE Distillate Inventories",2994,"1050",709
"70","Wed, Aug 12, 2015","10:30","US DOE Crude Oil Inventories",-1682,"-2000",-4407
"71","Wed, Aug 12, 2015","10:30","US DOE Gasoline Inventories",-1251,"-675",811
"72","Wed, Aug 12, 2015","10:30","US DOE Refinery Utilization",0,"-0.5",1
"73","Wed, Aug 05, 2015","10:30","US DOE Distillate Inventories",709,"1750",2588
"74","Wed, Aug 05, 2015","10:30","US DOE Crude Oil Inventories",-4407,"-1630",-4203
"75","Wed, Aug 05, 2015","10:30","US DOE Gasoline Inventories",811,"-200",-363
"76","Wed, Aug 05, 2015","10:30","US DOE Refinery Utilization",1,"-0.1",-0.4
"77","Wed, Jul 29, 2015","10:30","US DOE Distillate Inventories",2588,"1450",235
"78","Wed, Jul 29, 2015","10:30","US DOE Crude Oil Inventories",-4203,"850",2468
"79","Wed, Jul 29, 2015","10:30","US DOE Gasoline Inventories",-363,"250",-1725
"80","Wed, Jul 29, 2015","10:30","US DOE Refinery Utilization",-0.4,"-0.1",0.2
"81","Wed, Jul 22, 2015","10:30","US DOE Distillate Inventories",235,"1800",3819
"82","Wed, Jul 22, 2015","10:30","US DOE Crude Oil Inventories",2468,"-2200",-4346
"83","Wed, Jul 22, 2015","10:30","US DOE Gasoline Inventories",-1725,"300",58
"84","Wed, Jul 22, 2015","10:30","US DOE Refinery Utilization",0.2,"0",0.6
"85","Wed, Jul 15, 2015","10:30","US DOE Distillate Inventories",3819,"1460",1641
"86","Wed, Jul 15, 2015","10:30","US DOE Crude Oil Inventories",-4346,"-1900",384
"87","Wed, Jul 15, 2015","10:30","US DOE Gasoline Inventories",58,"450",1215
"88","Wed, Jul 15, 2015","10:30","US DOE Refinery Utilization",0.6,"0.1",-0.3
"89","Wed, Jul 08, 2015","10:30","US DOE Distillate Inventories",1641,"1000",392
"90","Wed, Jul 08, 2015","10:30","US DOE Crude Oil Inventories",384,"0",2386
"91","Wed, Jul 08, 2015","10:30","US DOE Gasoline Inventories",1215,"0",-1757
"92","Wed, Jul 08, 2015","10:30","US DOE Refinery Utilization",-0.3,"0.2",1
"93","Wed, Jul 01, 2015","10:30","US DOE Distillate Inventories",392,"1500",1837
"94","Wed, Jul 01, 2015","10:30","US DOE Crude Oil Inventories",2386,"-2500",-4934
"95","Wed, Jul 01, 2015","10:30","US DOE Gasoline Inventories",-1757,"-250",680
"96","Wed, Jul 01, 2015","10:30","US DOE Refinery Utilization",1,"0.38",0.9
"98","Wed, Jun 24, 2015","10:30","US DOE Distillate Inventories",1837,"700",114
"99","Wed, Jun 24, 2015","10:30","US DOE Crude Oil Inventories",-4934,"-2000",-2676
"100","Wed, Jun 24, 2015","10:30","US DOE Gasoline Inventories",680,"0",460
"101","Wed, Jun 24, 2015","10:30","US DOE Refinery Utilization",0.9,"0.45",-1.5
"102","Wed, Jun 17, 2015","10:30","US DOE Distillate Inventories",114,"950",865
"103","Wed, Jun 17, 2015","10:30","US DOE Crude Oil Inventories",-2676,"-1800",-6812
"104","Wed, Jun 17, 2015","10:30","US DOE Gasoline Inventories",460,"-800",-2939
"105","Wed, Jun 17, 2015","10:30","US DOE Refinery Utilization",-1.5,"0.5",1.4
"106","Wed, Jun 10, 2015","10:30","US DOE Distillate Inventories",865,"700",3773
"107","Wed, Jun 10, 2015","10:30","US DOE Crude Oil Inventories",-6812,"-1500",-1948
"108","Wed, Jun 10, 2015","10:30","US DOE Gasoline Inventories",-2939,"-400",-334
"109","Wed, Jun 10, 2015","10:30","US DOE Refinery Utilization",1.4,"0.1",-0.4
"110","Wed, Jun 03, 2015","10:30","US DOE Distillate Inventories",3773,"1300",1115
"111","Wed, Jun 03, 2015","10:30","US DOE Crude Oil Inventories",-1948,"-2500",-2802
"112","Wed, Jun 03, 2015","10:30","US DOE Gasoline Inventories",-334,"500",-3309
"113","Wed, Jun 03, 2015","10:30","US DOE Refinery Utilization",-0.4,"0.6",1.2
"114","Thu, May 28, 2015","11:00","US DOE Distillate Inventories",1115,"-400",-546
"115","Thu, May 28, 2015","11:00","US DOE Crude Oil Inventories",-2802,"-2000",-2674
"116","Thu, May 28, 2015","11:00","US DOE Gasoline Inventories",-3309,"-1300",-2774
"117","Thu, May 28, 2015","11:00","US DOE Refinery Utilization",1.2,"0.3",1.2
"118","Wed, May 20, 2015","10:30","US DOE Distillate Inventories",-546,"400",-2503
"119","Wed, May 20, 2015","10:30","US DOE Crude Oil Inventories",-2674,"-1750",-2191
"120","Wed, May 20, 2015","10:30","US DOE Gasoline Inventories",-2774,"650",-1142
"121","Wed, May 20, 2015","10:30","US DOE Refinery Utilization",92.4,"0.3",-1.8
"122","Wed, May 13, 2015","10:30","US DOE Distillate Inventories",-2503,"750",1503
"123","Wed, May 13, 2015","10:30","US DOE Crude Oil Inventories",-2191,"-250",-3882
"124","Wed, May 13, 2015","10:30","US DOE Gasoline Inventories",-1142,"250",401
"125","Wed, May 13, 2015","10:30","US DOE Refinery Utilization",-1.8,"0.5",1.7
"126","Wed, May 06, 2015","10:30","US DOE Distillate Inventories",1503,"0",-66
"127","Wed, May 06, 2015","10:30","US DOE Crude Oil Inventories",-3882,"1500",1910
"128","Wed, May 06, 2015","10:30","US DOE Gasoline Inventories",401,"1000",1713
"129","Wed, May 06, 2015","10:30","US DOE Refinery Utilization",1.7,"0.5",0.1
"130","Wed, Apr 29, 2015","10:30","US DOE Distillate Inventories",-66,"1000",395
"131","Wed, Apr 29, 2015","10:30","US DOE Crude Oil Inventories",1910,"3300",5315
"132","Wed, Apr 29, 2015","10:30","US DOE Gasoline Inventories",1713,"900",-2135
"133","Wed, Apr 29, 2015","10:30","US DOE Refinery Utilization",0.1,"0.65",-1.1
"134","Wed, Apr 22, 2015","10:30","US DOE Distillate Inventories",395,"1100",2017
"135","Wed, Apr 22, 2015","10:30","US DOE Crude Oil Inventories",5315,"3200",1294
"136","Wed, Apr 22, 2015","10:30","US DOE Gasoline Inventories",-2135,"-1000",-2072
"137","Wed, Apr 22, 2015","10:30","US DOE Refinery Utilization",-1.1,"0.5",2.2
"138","Wed, Apr 15, 2015","10:30","US DOE Distillate Inventories",2017,"700",-250
"139","Wed, Apr 15, 2015","10:30","US DOE Crude Oil Inventories",1294,"3600",10949
"140","Wed, Apr 15, 2015","10:30","US DOE Gasoline Inventories",-2072,"-750",817
"141","Wed, Apr 15, 2015","10:30","US DOE Refinery Utilization",2.2,"0.5",0.7
"142","Wed, Apr 08, 2015","10:30","US DOE Distillate Inventories",-250,"850",1325
"143","Wed, Apr 08, 2015","10:30","US DOE Crude Oil Inventories",10949,"3250",4766
"144","Wed, Apr 08, 2015","10:30","US DOE Gasoline Inventories",817,"-2000",-4258
"145","Wed, Apr 08, 2015","10:30","US DOE Refinery Utilization",0.7,"0.4",0.4
"146","Wed, Apr 01, 2015","10:30","US DOE Distillate Inventories",1325,"0",-34
"147","Wed, Apr 01, 2015","10:30","US DOE Crude Oil Inventories",4766,"4200",8170
"148","Wed, Apr 01, 2015","10:30","US DOE Gasoline Inventories",-4258,"-650",-2014
"149","Wed, Apr 01, 2015","10:30","US DOE Refinery Utilization",0.4,"0.6",0.9
"150","Wed, Mar 25, 2015","10:30","US DOE Distillate Inventories",-34,"-1000",380
"151","Wed, Mar 25, 2015","10:30","US DOE Crude Oil Inventories",8170,"4750",9622
"152","Wed, Mar 25, 2015","10:30","US DOE Gasoline Inventories",-2014,"-2300",-4473
"153","Wed, Mar 25, 2015","10:30","US DOE Refinery Utilization",0.9,"0.5",0.3
"154","Wed, Mar 18, 2015","10:30","US DOE Distillate Inventories",380,"-1500",2527
"155","Wed, Mar 18, 2015","10:30","US DOE Crude Oil Inventories",9622,"4400",4512
"156","Wed, Mar 18, 2015","10:30","US DOE Gasoline Inventories",-4473,"-900",-187
"157","Wed, Mar 18, 2015","10:30","US DOE Refinery Utilization",0.3,"0.4",1.2
"158","Wed, Mar 11, 2015","10:30","US DOE Distillate Inventories",2527,"-2250",-1722
"159","Wed, Mar 11, 2015","10:30","US DOE Crude Oil Inventories",4512,"4750",10303
"160","Wed, Mar 11, 2015","10:30","US DOE Gasoline Inventories",-187,"-1750",46
"161","Wed, Mar 11, 2015","10:30","US DOE Refinery Utilization",1.2,"-0.5",-0.8
"162","Wed, Mar 04, 2015","10:30","US DOE Distillate Inventories",-1722,"-2500",-2711
"163","Wed, Mar 04, 2015","10:30","US DOE Crude Oil Inventories",10303,"3950",8427
"164","Wed, Mar 04, 2015","10:30","US DOE Gasoline Inventories",46,"-2000",-3118
"165","Wed, Mar 04, 2015","10:30","US DOE Refinery Utilization",-0.8,"-0.5",-1.3
"166","Wed, Feb 25, 2015","10:30","US DOE Distillate Inventories",-2711,"-3500",-3814
"167","Wed, Feb 25, 2015","10:30","US DOE Crude Oil Inventories",8427,"4000",7716
"168","Wed, Feb 25, 2015","10:30","US DOE Gasoline Inventories",-3118,"-2000",485
"169","Wed, Feb 25, 2015","10:30","US DOE Refinery Utilization",-1.3,"-0.35",-1.3
"170","Thu, Feb 19, 2015","11:00","US DOE Distillate Inventories",-3814,"-2000",-3252
"171","Thu, Feb 19, 2015","11:00","US DOE Crude Oil Inventories",7716,"3000",4868
"172","Thu, Feb 19, 2015","11:00","US DOE Gasoline Inventories",485,"-650",1977
"173","Thu, Feb 19, 2015","11:00","US DOE Refinery Utilization",-1.3,"-1",0.1
"174","Wed, Feb 11, 2015","10:30","US DOE Distillate Inventories",-3252,"-1250",1788
"175","Wed, Feb 11, 2015","10:30","US DOE Crude Oil Inventories",4868,"3750",6333
"176","Wed, Feb 11, 2015","10:30","US DOE Gasoline Inventories",1977,"200",2335
"177","Wed, Feb 11, 2015","10:30","US DOE Refinery Utilization",0.1,"0",1.9
"178","Wed, Feb 04, 2015","10:30","US DOE Distillate Inventories",1788,"-1500",-3892
"179","Wed, Feb 04, 2015","10:30","US DOE Crude Oil Inventories",6333,"3250",8874
"180","Wed, Feb 04, 2015","10:30","US DOE Gasoline Inventories",2335,"-1150",-2587
"181","Wed, Feb 04, 2015","10:30","US DOE Refinery Utilization",1.9,"-0.5",2.5
"182","Wed, Jan 28, 2015","10:30","US DOE Distillate Inventories",-3892,"-1500",-3272
"183","Wed, Jan 28, 2015","10:30","US DOE Crude Oil Inventories",8874,"3850",10071
"184","Wed, Jan 28, 2015","10:30","US DOE Gasoline Inventories",-2587,"500",588
"185","Wed, Jan 28, 2015","10:30","US DOE Refinery Utilization",2.5,"0.2",-5.5
"186","Thu, Jan 22, 2015","11:00","US DOE Distillate Inventories",-3272,"500",2925
"187","Thu, Jan 22, 2015","11:00","US DOE Crude Oil Inventories",10071,"2700",5389
"188","Thu, Jan 22, 2015","11:00","US DOE Gasoline Inventories",588,"1500",3171
"189","Thu, Jan 22, 2015","11:00","US DOE Refinery Utilization",-5.5,"-0.65",-2.9
"190","Wed, Jan 14, 2015","10:30","US DOE Distillate Inventories",2925,"2100",11205
"191","Wed, Jan 14, 2015","10:30","US DOE Crude Oil Inventories",5389,"1750",-3062
"192","Wed, Jan 14, 2015","10:30","US DOE Gasoline Inventories",3171,"3750",8115
"193","Wed, Jan 14, 2015","10:30","US DOE Refinery Utilization",-2.9,"-0.25",-0.5
"194","Wed, Jan 07, 2015","10:30","US DOE Distillate Inventories",11205,"1750",1874
"195","Wed, Jan 07, 2015","10:30","US DOE Crude Oil Inventories",-3062,"700",-1754
"196","Wed, Jan 07, 2015","10:30","US DOE Gasoline Inventories",8115,"4500",2951
"197","Wed, Jan 07, 2015","10:30","US DOE Refinery Utilization",-0.5,"0",0.9
"198","Wed, Dec 31, 2014","10:30","US DOE Distillate Inventories",1874,"2000",2303
"199","Wed, Dec 31, 2014","10:30","US DOE Crude Oil Inventories",-1754,"900",7267
"200","Wed, Dec 31, 2014","10:30","US DOE Gasoline Inventories",2951,"2000",4083
"201","Wed, Dec 31, 2014","10:30","US DOE Refinery Utilization",0.9,"0",0
"202","Wed, Dec 24, 2014","10:30","US DOE Distillate Inventories",2303,"-1000",-207
"203","Wed, Dec 24, 2014","10:30","US DOE Crude Oil Inventories",7267,"-2500",-847
"204","Wed, Dec 24, 2014","10:30","US DOE Gasoline Inventories",4083,"1000",5250
"205","Wed, Dec 24, 2014","10:30","US DOE Refinery Utilization",0,"0",-1.9
"206","Wed, Dec 17, 2014","10:30","US DOE Distillate Inventories",-207,"150",5577
"207","Wed, Dec 17, 2014","10:30","US DOE Crude Oil Inventories",-847,"-2250",1454
"208","Wed, Dec 17, 2014","10:30","US DOE Gasoline Inventories",5250,"1750",8197
"209","Wed, Dec 17, 2014","10:30","US DOE Refinery Utilization",-1.9,"-0.13",2
"210","Wed, Dec 10, 2014","10:30","US DOE Distillate Inventories",5577,"1550",3028
"211","Wed, Dec 10, 2014","10:30","US DOE Crude Oil Inventories",1454,"-2700",-3689
"212","Wed, Dec 10, 2014","10:30","US DOE Gasoline Inventories",8197,"2550",2143
"213","Wed, Dec 10, 2014","10:30","US DOE Refinery Utilization",2,"0.3",1.9
"214","Wed, Dec 03, 2014","10:30","US DOE Distillate Inventories",3028,"550",-1648
"215","Wed, Dec 03, 2014","10:30","US DOE Crude Oil Inventories",-3689,"1750",1946
"216","Wed, Dec 03, 2014","10:30","US DOE Gasoline Inventories",2143,"1500",1825
"217","Wed, Dec 03, 2014","10:30","US DOE Refinery Utilization",1.9,"0.5",0.3
"218","Wed, Nov 26, 2014","10:30","US DOE Distillate Inventories",-1648,"-900",-2056
"219","Wed, Nov 26, 2014","10:30","US DOE Crude Oil Inventories",1946,"250",2608
"220","Wed, Nov 26, 2014","10:30","US DOE Gasoline Inventories",1825,"1500",1034
"221","Wed, Nov 26, 2014","10:30","US DOE Refinery Utilization",0.3,"0.15",1.1
"222","Wed, Nov 19, 2014","10:30","US DOE Distillate Inventories",-2056,"-2000",-2803
"223","Wed, Nov 19, 2014","10:30","US DOE Crude Oil Inventories",2608,"-1500",-1735
"224","Wed, Nov 19, 2014","10:30","US DOE Gasoline Inventories",1034,"900",1805
"225","Wed, Nov 19, 2014","10:30","US DOE Refinery Utilization",1.1,"0.5",1.7
"226","Thu, Nov 13, 2014","11:00","US DOE Distillate Inventories",-2803,"-1500",-724
"227","Thu, Nov 13, 2014","11:00","US DOE Crude Oil Inventories",-1735,"1050",460
"228","Thu, Nov 13, 2014","11:00","US DOE Gasoline Inventories",1805,"200",-1378
"229","Thu, Nov 13, 2014","11:00","US DOE Refinery Utilization",1.7,"1",1.8
"230","Wed, Nov 05, 2014","10:30","US DOE Distillate Inventories",-724,"-2200",-5294
"231","Wed, Nov 05, 2014","10:30","US DOE Crude Oil Inventories",460,"2350",2061
"232","Wed, Nov 05, 2014","10:30","US DOE Gasoline Inventories",-1378,"-600",-1236
"233","Wed, Nov 05, 2014","10:30","US DOE Refinery Utilization",1.8,"0.3",-0.1
"234","Wed, Oct 29, 2014","10:30","US DOE Distillate Inventories",-5294,"-1400",1049
"235","Wed, Oct 29, 2014","10:30","US DOE Crude Oil Inventories",2061,"3650",7111
"236","Wed, Oct 29, 2014","10:30","US DOE Gasoline Inventories",-1236,"-900",-1299
"237","Wed, Oct 29, 2014","10:30","US DOE Refinery Utilization",-0.1,"0.25",-1.4
"238","Wed, Oct 22, 2014","10:30","US DOE Distillate Inventories",1049,"-1300",-1518
"239","Wed, Oct 22, 2014","10:30","US DOE Crude Oil Inventories",7111,"3000",8923
"240","Wed, Oct 22, 2014","10:30","US DOE Gasoline Inventories",-1299,"-1450",-3995
"241","Wed, Oct 22, 2014","10:30","US DOE Refinery Utilization",-1.4,"0.03",-1.2
"242","Thu, Oct 16, 2014","11:00","US DOE Distillate Inventories",-1518,"-1800",439
"243","Thu, Oct 16, 2014","11:00","US DOE Crude Oil Inventories",8923,"2450",5015
"244","Thu, Oct 16, 2014","11:00","US DOE Gasoline Inventories",-3995,"-1700",1180
"245","Thu, Oct 16, 2014","11:00","US DOE Refinery Utilization",-1.2,"-0.75",-0.5
"246","Wed, Oct 08, 2014","10:30","US DOE Distillate Inventories",439,"-1250",-2894
"247","Wed, Oct 08, 2014","10:30","US DOE Crude Oil Inventories",5015,"2000",-1363
"248","Wed, Oct 08, 2014","10:30","US DOE Gasoline Inventories",1180,"-500",-1836
"249","Wed, Oct 08, 2014","10:30","US DOE Refinery Utilization",-0.5,"-0.8",-3.6
"250","Wed, Oct 01, 2014","10:30","US DOE Distillate Inventories",-2894,"0",823
"251","Wed, Oct 01, 2014","10:30","US DOE Crude Oil Inventories",-1363,"1500",-4273
"252","Wed, Oct 01, 2014","10:30","US DOE Gasoline Inventories",-1836,"-600",-414
"253","Wed, Oct 01, 2014","10:30","US DOE Refinery Utilization",-3.6,"-0.55",0.4
"255","Wed, Sep 24, 2014","10:30","US DOE Distillate Inventories",823,"500",279
"256","Wed, Sep 24, 2014","10:30","US DOE Crude Oil Inventories",-4273,"750",3673
"257","Wed, Sep 24, 2014","10:30","US DOE Gasoline Inventories",-414,"0",-1635
"258","Wed, Sep 24, 2014","10:30","US DOE Refinery Utilization",0.4,"-0.5",-0.9
"259","Wed, Sep 17, 2014","10:30","US DOE Distillate Inventories",279,"750",4094
"260","Wed, Sep 17, 2014","10:30","US DOE Crude Oil Inventories",3673,"-1500",-972
"261","Wed, Sep 17, 2014","10:30","US DOE Gasoline Inventories",-1635,"-125",2381
"262","Wed, Sep 17, 2014","10:30","US DOE Refinery Utilization",-0.9,"-0.65",0.6
"263","Wed, Sep 10, 2014","10:30","US DOE Distillate Inventories",4093,"1000",605
"264","Wed, Sep 10, 2014","10:30","US DOE Crude Oil Inventories",-972,"-1500",-905
"265","Wed, Sep 10, 2014","10:30","US DOE Gasoline Inventories",2381,"0",-2322
"266","Wed, Sep 10, 2014","10:30","US DOE Refinery Utilization",0.6,"-0.25",-0.2
"267","Thu, Sep 04, 2014","11:00","US DOE Distillate Inventories",605,"-1000",1252
"268","Thu, Sep 04, 2014","11:00","US DOE Crude Oil Inventories",-905,"-1000",-2070
"269","Thu, Sep 04, 2014","11:00","US DOE Gasoline Inventories",-2322,"-1400",-960
"270","Thu, Sep 04, 2014","11:00","US DOE Refinery Utilization",-0.2,"-0.4",0.1
"271","Wed, Aug 27, 2014","10:30","US DOE Distillate Inventories",1252,"0",-960
"272","Wed, Aug 27, 2014","10:30","US DOE Crude Oil Inventories",-2070,"-2500",-4474
"273","Wed, Aug 27, 2014","10:30","US DOE Gasoline Inventories",-960,"-1600",585
"274","Wed, Aug 27, 2014","10:30","US DOE Refinery Utilization",0.1,"-0.35",1.8
"275","Wed, Aug 20, 2014","10:30","US DOE Distillate Inventories",-960,"-300",-2421
"276","Wed, Aug 20, 2014","10:30","US DOE Crude Oil Inventories",-4474,"-1750",1401
"277","Wed, Aug 20, 2014","10:30","US DOE Gasoline Inventories",585,"-1550",-1160
"278","Wed, Aug 20, 2014","10:30","US DOE Refinery Utilization",1.8,"-0.4",-0.8
"279","Wed, Aug 13, 2014","10:30","US DOE Distillate Inventories",-2421,"-50",-1798
"280","Wed, Aug 13, 2014","10:30","US DOE Crude Oil Inventories",1401,"-2050",-1756
"281","Wed, Aug 13, 2014","10:30","US DOE Gasoline Inventories",-1160,"-1500",-4387
"282","Wed, Aug 13, 2014","10:30","US DOE Refinery Utilization",-0.8,"-0.5",-1.1
"283","Wed, Aug 06, 2014","10:30","US DOE Distillate Inventories",-1798,"850",789
"284","Wed, Aug 06, 2014","10:30","US DOE Crude Oil Inventories",-1756,"-1550",-3697
"285","Wed, Aug 06, 2014","10:30","US DOE Gasoline Inventories",-4387,"0",365
"286","Wed, Aug 06, 2014","10:30","US DOE Refinery Utilization",-1.1,"-0.6",-0.3
"287","Wed, Jul 30, 2014","10:30","US DOE Distillate Inventories",789,"1500",1636
"288","Wed, Jul 30, 2014","10:30","US DOE Crude Oil Inventories",-3697,"-1250",-3969
"289","Wed, Jul 30, 2014","10:30","US DOE Gasoline Inventories",365,"1000",3379
"290","Wed, Jul 30, 2014","10:30","US DOE Refinery Utilization",-0.3,"-0.2",0
"291","Wed, Jul 23, 2014","10:30","US DOE Distillate Inventories",1636,"2000",2528
"292","Wed, Jul 23, 2014","10:30","US DOE Crude Oil Inventories",-3969,"-2900",-7525
"293","Wed, Jul 23, 2014","10:30","US DOE Gasoline Inventories",3379,"1000",171
"294","Wed, Jul 23, 2014","10:30","US DOE Refinery Utilization",0,"0.05",2.2
"295","Wed, Jul 16, 2014","10:30","US DOE Distillate Inventories",2528,"2000",227
"296","Wed, Jul 16, 2014","10:30","US DOE Crude Oil Inventories",-7525,"-2750",-2370
"297","Wed, Jul 16, 2014","10:30","US DOE Gasoline Inventories",171,"950",579
"298","Wed, Jul 16, 2014","10:30","US DOE Refinery Utilization",2.2,"0",0.2
"299","Wed, Jul 09, 2014","10:30","US DOE Distillate Inventories",227,"1400",975
"300","Wed, Jul 09, 2014","10:30","US DOE Crude Oil Inventories",-2370,"-2500",-3155
"301","Wed, Jul 09, 2014","10:30","US DOE Gasoline Inventories",579,"-400",-1235
"302","Wed, Jul 09, 2014","10:30","US DOE Refinery Utilization",0.2,"0.15",2.9
"303","Wed, Jul 02, 2014","10:30","US DOE Distillate Inventories",975,"950",1177
"304","Wed, Jul 02, 2014","10:30","US DOE Crude Oil Inventories",-3155,"-2400",1742
"305","Wed, Jul 02, 2014","10:30","US DOE Gasoline Inventories",-1235,"550",710
"306","Wed, Jul 02, 2014","10:30","US DOE Refinery Utilization",2.9,"0.5",1.4
"307","Wed, Jun 25, 2014","10:30","US DOE Distillate Inventories",1177,"850",436
"308","Wed, Jun 25, 2014","10:30","US DOE Crude Oil Inventories",1742,"-1700",-579
"309","Wed, Jun 25, 2014","10:30","US DOE Gasoline Inventories",710,"1450",785
"310","Wed, Jun 25, 2014","10:30","US DOE Refinery Utilization",1.4,"0.5",-0.8
"311","Wed, Jun 18, 2014","10:30","US DOE Distillate Inventories",436,"350",860
"312","Wed, Jun 18, 2014","10:30","US DOE Crude Oil Inventories",-579,"-750",-2596
"313","Wed, Jun 18, 2014","10:30","US DOE Gasoline Inventories",785,"-550",1697
"314","Wed, Jun 18, 2014","10:30","US DOE Refinery Utilization",-0.8,"0.7",-2.9
"315","Wed, Jun 11, 2014","10:30","US DOE Distillate Inventories",860,"1000",2012
"316","Wed, Jun 11, 2014","10:30","US DOE Crude Oil Inventories",-2596,"-2000",-3431
"317","Wed, Jun 11, 2014","10:30","US DOE Gasoline Inventories",1697,"1000",210
"318","Wed, Jun 11, 2014","10:30","US DOE Refinery Utilization",-2.9,"0.25",0.9
"319","Wed, Jun 04, 2014","10:30","US DOE Distillate Inventories",2012,"900",-196
"320","Wed, Jun 04, 2014","10:30","US DOE Crude Oil Inventories",-3431,"-250",1657
"321","Wed, Jun 04, 2014","10:30","US DOE Gasoline Inventories",210,"400",-1803
"322","Wed, Jun 04, 2014","10:30","US DOE Refinery Utilization",0.9,"0.5",1.2
"323","Thu, May 29, 2014","11:00","US DOE Distillate Inventories",-196,"500",3399
"324","Thu, May 29, 2014","11:00","US DOE Crude Oil Inventories",1657,"500",-7226
"325","Thu, May 29, 2014","11:00","US DOE Gasoline Inventories",-1803,"0",970
"326","Thu, May 29, 2014","11:00","US DOE Refinery Utilization",1.2,"0.5",-0.1
"327","Wed, May 21, 2014","10:30","US DOE Distillate Inventories",3399,"-500",-1124
"328","Wed, May 21, 2014","10:30","US DOE Crude Oil Inventories",-7226,"0",947
"329","Wed, May 21, 2014","10:30","US DOE Gasoline Inventories",970,"0",-772
"330","Wed, May 21, 2014","10:30","US DOE Refinery Utilization",-0.1,"0.45",-1.4
"331","Wed, May 14, 2014","10:30","US DOE Distillate Inventories",-1124,"500",-447
"332","Wed, May 14, 2014","10:30","US DOE Crude Oil Inventories",947,"0",-1781
"333","Wed, May 14, 2014","10:30","US DOE Gasoline Inventories",-772,"300",1608
"334","Wed, May 14, 2014","10:30","US DOE Refinery Utilization",-1.4,"0.5",-0.8
"335","Wed, May 07, 2014","10:30","US DOE Distillate Inventories",-447,"750",1936
"336","Wed, May 07, 2014","10:30","US DOE Crude Oil Inventories",-1781,"1250",1698
"337","Wed, May 07, 2014","10:30","US DOE Gasoline Inventories",1608,"500",1564
"338","Wed, May 07, 2014","10:30","US DOE Refinery Utilization",-0.8,"0.5",0
"339","Wed, Apr 30, 2014","10:30","US DOE Distillate Inventories",1936,"500",597
"340","Wed, Apr 30, 2014","10:30","US DOE Crude Oil Inventories",1698,"2200",3524
"341","Wed, Apr 30, 2014","10:30","US DOE Gasoline Inventories",1564,"-900",-274
"342","Wed, Apr 30, 2014","10:30","US DOE Refinery Utilization",0,"0.5",2.2
"343","Wed, Apr 23, 2014","10:30","US DOE Distillate Inventories",597,"-300",-1278
"344","Wed, Apr 23, 2014","10:30","US DOE Crude Oil Inventories",3524,"3000",10013
"345","Wed, Apr 23, 2014","10:30","US DOE Gasoline Inventories",-274,"-1650",-154
"346","Wed, Apr 23, 2014","10:30","US DOE Refinery Utilization",2.2,"0.2",1.3
"347","Wed, Apr 16, 2014","10:30","US DOE Distillate Inventories",-1278,"0",239
"348","Wed, Apr 16, 2014","10:30","US DOE Crude Oil Inventories",10013,"1750",4030
"349","Wed, Apr 16, 2014","10:30","US DOE Gasoline Inventories",-154,"-1750",-5188
"350","Wed, Apr 16, 2014","10:30","US DOE Refinery Utilization",1.3,"0",-0.2
"351","Wed, Apr 09, 2014","10:30","US DOE Distillate Inventories",239,"-250",554
"352","Wed, Apr 09, 2014","10:30","US DOE Crude Oil Inventories",4030,"750",-2379
"353","Wed, Apr 09, 2014","10:30","US DOE Gasoline Inventories",-5188,"-1000",-1574
"354","Wed, Apr 09, 2014","10:30","US DOE Refinery Utilization",-0.2,"0.2",1.7
"355","Wed, Apr 02, 2014","10:30","US DOE Distillate Inventories",554,"0",1555
"356","Wed, Apr 02, 2014","10:30","US DOE Crude Oil Inventories",-2379,"2500",6619
"357","Wed, Apr 02, 2014","10:30","US DOE Gasoline Inventories",-1574,"-2000",-5101
"358","Wed, Apr 02, 2014","10:30","US DOE Refinery Utilization",1.7,"0.35",0.4
"359","Wed, Mar 26, 2014","10:30","US DOE Distillate Inventories",1555,"-1380",-3097
"360","Wed, Mar 26, 2014","10:30","US DOE Crude Oil Inventories",6619,"2500",5850
"361","Wed, Mar 26, 2014","10:30","US DOE Gasoline Inventories",-5101,"-1500",-1467
"362","Wed, Mar 26, 2014","10:30","US DOE Refinery Utilization",0.4,"0.55",-0.4
"363","Wed, Mar 19, 2014","10:30","US DOE Distillate Inventories",-3097,"-800",-533
"364","Wed, Mar 19, 2014","10:30","US DOE Crude Oil Inventories",5850,"2750",6180
"365","Wed, Mar 19, 2014","10:30","US DOE Gasoline Inventories",-1467,"-1550",-5230
"366","Wed, Mar 19, 2014","10:30","US DOE Refinery Utilization",-0.4,"-0.5",-1.4
"367","Wed, Mar 12, 2014","10:30","US DOE Distillate Inventories",-533,"-450",1414
"368","Wed, Mar 12, 2014","10:30","US DOE Crude Oil Inventories",6180,"2000",1429
"369","Wed, Mar 12, 2014","10:30","US DOE Gasoline Inventories",-5230,"-2000",-1604
"370","Wed, Mar 12, 2014","10:30","US DOE Refinery Utilization",-1.4,"0",-0.6
"371","Wed, Mar 05, 2014","10:30","US DOE Distillate Inventories",1414,"-1000",338
"372","Wed, Mar 05, 2014","10:30","US DOE Crude Oil Inventories",1429,"1300",68
"373","Wed, Mar 05, 2014","10:30","US DOE Gasoline Inventories",-1604,"-1000",-2807
"374","Wed, Mar 05, 2014","10:30","US DOE Refinery Utilization",-0.6,"-0.3",1.2
"375","Wed, Feb 26, 2014","10:30","US DOE Distillate Inventories",338,"-1250",-339
"376","Wed, Feb 26, 2014","10:30","US DOE Crude Oil Inventories",68,"1275",973
"377","Wed, Feb 26, 2014","10:30","US DOE Gasoline Inventories",-2807,"-1000",309
"378","Wed, Feb 26, 2014","10:30","US DOE Refinery Utilization",1.2,"0",-0.3
"379","Thu, Feb 20, 2014","11:00","US DOE Distillate Inventories",-339,"-2100",-731
"380","Thu, Feb 20, 2014","11:00","US DOE Crude Oil Inventories",973,"2250",3267
"381","Thu, Feb 20, 2014","11:00","US DOE Gasoline Inventories",309,"-850",-1853
"382","Thu, Feb 20, 2014","11:00","US DOE Refinery Utilization",-0.3,"-0.5",1
"383","Wed, Feb 12, 2014","10:30","US DOE Distillate Inventories",-731,"-2125",-2360
"384","Wed, Feb 12, 2014","10:30","US DOE Crude Oil Inventories",3267,"2600",440
"385","Wed, Feb 12, 2014","10:30","US DOE Gasoline Inventories",-1853,"100",505
"386","Wed, Feb 12, 2014","10:30","US DOE Refinery Utilization",1,"-0.5",-2.1
"387","Wed, Feb 05, 2014","10:30","US DOE Distillate Inventories",-2360,"-2500",-4584
"388","Wed, Feb 05, 2014","10:30","US DOE Crude Oil Inventories",440,"2550",6421
"389","Wed, Feb 05, 2014","10:30","US DOE Gasoline Inventories",505,"1150",-819
"390","Wed, Feb 05, 2014","10:30","US DOE Refinery Utilization",-2.1,"-0.1",1.7
"391","Wed, Jan 29, 2014","10:30","US DOE Distillate Inventories",-4584,"-2550",-3212
"392","Wed, Jan 29, 2014","10:30","US DOE Crude Oil Inventories",6421,"2250",990
"393","Wed, Jan 29, 2014","10:30","US DOE Gasoline Inventories",-819,"1600",2123
"394","Wed, Jan 29, 2014","10:30","US DOE Refinery Utilization",1.7,"0.85",-3.5
"395","Thu, Jan 23, 2014","11:00","US DOE Distillate Inventories",-3212,"-500",-1023
"396","Thu, Jan 23, 2014","11:00","US DOE Crude Oil Inventories",990,"1150",-7658
"397","Thu, Jan 23, 2014","11:00","US DOE Gasoline Inventories",2123,"1750",6183
"398","Thu, Jan 23, 2014","11:00","US DOE Refinery Utilization",-3.5,"-0.5",-2.3
"399","Wed, Jan 15, 2014","10:30","US DOE Distillate Inventories",-1023,"1250",5826
"400","Wed, Jan 15, 2014","10:30","US DOE Crude Oil Inventories",-7658,"-1300",-2675
"401","Wed, Jan 15, 2014","10:30","US DOE Gasoline Inventories",6183,"2500",6243
"402","Wed, Jan 15, 2014","10:30","US DOE Refinery Utilization",-2.3,"-0.4",-0.1
"403","Wed, Jan 08, 2014","10:30","US DOE Distillate Inventories",5826,"2250",5042
"404","Wed, Jan 08, 2014","10:30","US DOE Crude Oil Inventories",-2675,"-2750",-7007
"405","Wed, Jan 08, 2014","10:30","US DOE Gasoline Inventories",6243,"2500",844
"406","Wed, Jan 08, 2014","10:30","US DOE Refinery Utilization",-0.1,"0.25",-0.3
"407","Fri, Jan 03, 2014","11:00","US DOE Distillate Inventories",5042,"750",-1850
"408","Fri, Jan 03, 2014","11:00","US DOE Crude Oil Inventories",-7007,"-2825",-4731
"409","Fri, Jan 03, 2014","11:00","US DOE Gasoline Inventories",844,"1375",-614
"410","Fri, Jan 03, 2014","11:00","US DOE Refinery Utilization",-0.3,"0",1.2
"411","Fri, Dec 27, 2013","11:00","US DOE Distillate Inventories",-1850,"-1000",-2110
"412","Fri, Dec 27, 2013","11:00","US DOE Crude Oil Inventories",-4731,"-2650",-2941
"413","Fri, Dec 27, 2013","11:00","US DOE Gasoline Inventories",-614,"1100",1337
"414","Fri, Dec 27, 2013","11:00","US DOE Refinery Utilization",1.2,"-0.1",-1.1
"415","Wed, Dec 18, 2013","10:30","US DOE Distillate Inventories",-2110,"0",4541
"416","Wed, Dec 18, 2013","10:30","US DOE Crude Oil Inventories",-2941,"-3500",-10585
"417","Wed, Dec 18, 2013","10:30","US DOE Gasoline Inventories",1337,"1500",6717
"418","Wed, Dec 18, 2013","10:30","US DOE Refinery Utilization",-1.1,"0.1",0.2
"419","Wed, Dec 11, 2013","10:30","US DOE Distillate Inventories",4541,"1550",2649
"420","Wed, Dec 11, 2013","10:30","US DOE Crude Oil Inventories",-10585,"-3000",-5585
"421","Wed, Dec 11, 2013","10:30","US DOE Gasoline Inventories",6717,"2000",1828
"422","Wed, Dec 11, 2013","10:30","US DOE Refinery Utilization",0.2,"0.5",3
"423","Wed, Dec 04, 2013","10:30","US DOE Distillate Inventories",2649,"-1500",-1666
"424","Wed, Dec 04, 2013","10:30","US DOE Crude Oil Inventories",-5585,"-500",2953
"425","Wed, Dec 04, 2013","10:30","US DOE Gasoline Inventories",1828,"1250",1751
"426","Wed, Dec 04, 2013","10:30","US DOE Refinery Utilization",3,"0.6",0.8
"427","Wed, Nov 27, 2013","10:30","US DOE Distillate Inventories",-1666,"-1000",-4795
"428","Wed, Nov 27, 2013","10:30","US DOE Crude Oil Inventories",2953,"750",375
"429","Wed, Nov 27, 2013","10:30","US DOE Gasoline Inventories",1751,"500",-345
"430","Wed, Nov 27, 2013","10:30","US DOE Refinery Utilization",0.8,"0.25",-0.1
"431","Wed, Nov 20, 2013","10:30","US DOE Distillate Inventories",-4795,"-280",-481
"432","Wed, Nov 20, 2013","10:30","US DOE Crude Oil Inventories",375,"1000",2640
"433","Wed, Nov 20, 2013","10:30","US DOE Gasoline Inventories",-345,"-300",-838
"434","Wed, Nov 20, 2013","10:30","US DOE Refinery Utilization",-0.1,"0.5",1.9
"435","Thu, Nov 14, 2013","11:00","US DOE Distillate Inventories",-481,"-1000",-4899
"436","Thu, Nov 14, 2013","11:00","US DOE Crude Oil Inventories",2640,"800",1577
"437","Thu, Nov 14, 2013","11:00","US DOE Gasoline Inventories",-838,"-900",-3755
"438","Thu, Nov 14, 2013","11:00","US DOE Refinery Utilization",1.9,"0.6",-0.5
"439","Wed, Nov 06, 2013","10:30","US DOE Distillate Inventories",-4899,"-1500",-3058
"440","Wed, Nov 06, 2013","10:30","US DOE Crude Oil Inventories",1577,"2100",4087
"441","Wed, Nov 06, 2013","10:30","US DOE Gasoline Inventories",-3755,"-400",-1713
"442","Wed, Nov 06, 2013","10:30","US DOE Refinery Utilization",-0.5,"-0.23",1.4
"443","Wed, Oct 30, 2013","10:30","US DOE Distillate Inventories",-3058,"-1000",1537
"444","Wed, Oct 30, 2013","10:30","US DOE Crude Oil Inventories",4087,"2400",5246
"445","Wed, Oct 30, 2013","10:30","US DOE Gasoline Inventories",-1713,"-200",-1805
"446","Wed, Oct 30, 2013","10:30","US DOE Refinery Utilization",1.4,"0",-0.3
"447","Wed, Oct 23, 2013","10:30","US DOE Distillate Inventories",1537,"-1800",-1801
"448","Wed, Oct 23, 2013","10:30","US DOE Crude Oil Inventories",5246,"3000",3999
"449","Wed, Oct 23, 2013","10:30","US DOE Gasoline Inventories",-1805,"-1000",-2570
"450","Wed, Oct 23, 2013","10:30","US DOE Refinery Utilization",-0.3,"0.25",0.2
"451","Mon, Oct 21, 2013","10:30","US DOE Distillate Inventories",1537,"-1800",-1801
"452","Mon, Oct 21, 2013","10:30","US DOE Crude Oil Inventories",5246,"3000",3999
"453","Mon, Oct 21, 2013","10:30","US DOE Gasoline Inventories",-1805,"-1000",-2570
"454","Mon, Oct 21, 2013","10:30","US DOE Refinery Utilization",-0.3,"0.25",0.2
"455","Wed, Oct 09, 2013","10:30","US DOE Distillate Inventories",-3141,"-1150",-1680
"456","Wed, Oct 09, 2013","10:30","US DOE Crude Oil Inventories",6807,"1550",5472
"457","Wed, Oct 09, 2013","10:30","US DOE Gasoline Inventories",149,"1050",3495
"458","Wed, Oct 09, 2013","10:30","US DOE Refinery Utilization",-3,"-1",-1.3
"459","Wed, Oct 02, 2013","10:30","US DOE Distillate Inventories",-1680,"-1000",-234
"460","Wed, Oct 02, 2013","10:30","US DOE Crude Oil Inventories",5472,"2500",2635
"461","Wed, Oct 02, 2013","10:30","US DOE Gasoline Inventories",3495,"-700",217
"462","Wed, Oct 02, 2013","10:30","US DOE Refinery Utilization",-1.3,"-0.95",-2.2
"463","Wed, Sep 25, 2013","10:30","US DOE Distillate Inventories",-234,"-925",-1079
"464","Wed, Sep 25, 2013","10:30","US DOE Crude Oil Inventories",2635,"-1000",-4368
"465","Wed, Sep 25, 2013","10:30","US DOE Gasoline Inventories",217,"-750",-1627
"466","Wed, Sep 25, 2013","10:30","US DOE Refinery Utilization",-2.2,"-0.88",0
"467","Wed, Sep 18, 2013","10:30","US DOE Distillate Inventories",-1079,"500",2586
"468","Wed, Sep 18, 2013","10:30","US DOE Crude Oil Inventories",-4368,"-1200",-219
"469","Wed, Sep 18, 2013","10:30","US DOE Gasoline Inventories",-1627,"500",1658
"470","Wed, Sep 18, 2013","10:30","US DOE Refinery Utilization",0,"-0.5",0.8
"471","Wed, Sep 11, 2013","10:30","US DOE Distillate Inventories",2586,"600",549
"472","Wed, Sep 11, 2013","10:30","US DOE Crude Oil Inventories",-219,"-2100",-1836
"473","Wed, Sep 11, 2013","10:30","US DOE Gasoline Inventories",1658,"-1000",-1827
"474","Wed, Sep 11, 2013","10:30","US DOE Refinery Utilization",0.8,"-0.9",0.5
"475","Thu, Sep 05, 2013","11:00","US DOE Distillate Inventories",549,"600",-316
"476","Thu, Sep 05, 2013","11:00","US DOE Crude Oil Inventories",-1836,"-2000",2986
"477","Thu, Sep 05, 2013","11:00","US DOE Gasoline Inventories",-1827,"-700",-587
"478","Thu, Sep 05, 2013","11:00","US DOE Refinery Utilization",0.5,"-0.5",0.2
"479","Wed, Aug 28, 2013","10:30","US DOE Distillate Inventories",-316,"550",871
"480","Wed, Aug 28, 2013","10:30","US DOE Crude Oil Inventories",2986,"750",-1428
"481","Wed, Aug 28, 2013","10:30","US DOE Gasoline Inventories",-587,"-1375",-4029
"482","Wed, Aug 28, 2013","10:30","US DOE Refinery Utilization",0.2,"-0.25",1.6
"483","Wed, Aug 21, 2013","10:30","US DOE Distillate Inventories",871,"1000",2027
"484","Wed, Aug 21, 2013","10:30","US DOE Crude Oil Inventories",-1428,"-1500",-2812
"485","Wed, Aug 21, 2013","10:30","US DOE Gasoline Inventories",-4029,"-1500",-1169
"486","Wed, Aug 21, 2013","10:30","US DOE Refinery Utilization",1.6,"-0.5",-1.5
"487","Wed, Aug 14, 2013","10:30","US DOE Distillate Inventories",2027,"1000",469
"488","Wed, Aug 14, 2013","10:30","US DOE Crude Oil Inventories",-2812,"-1500",-1320
"489","Wed, Aug 14, 2013","10:30","US DOE Gasoline Inventories",-1169,"-1600",135
"490","Wed, Aug 14, 2013","10:30","US DOE Refinery Utilization",-1.5,"-0.2",-0.4
"491","Wed, Aug 07, 2013","10:30","US DOE Distillate Inventories",469,"0",-466
"492","Wed, Aug 07, 2013","10:30","US DOE Crude Oil Inventories",-1320,"-1500",431
"493","Wed, Aug 07, 2013","10:30","US DOE Gasoline Inventories",135,"-500",770
"494","Wed, Aug 07, 2013","10:30","US DOE Refinery Utilization",-0.4,"-0.3",-1
"495","Wed, Jul 31, 2013","10:30","US DOE Distillate Inventories",-466,"450",-1227
"496","Wed, Jul 31, 2013","10:30","US DOE Crude Oil Inventories",431,"-2450",-2825
"497","Wed, Jul 31, 2013","10:30","US DOE Gasoline Inventories",770,"-1500",-1389
"498","Wed, Jul 31, 2013","10:30","US DOE Refinery Utilization",-1,"-0.2",-0.5
"499","Wed, Jul 24, 2013","10:30","US DOE Distillate Inventories",-1227,"1850",3870
"500","Wed, Jul 24, 2013","10:30","US DOE Crude Oil Inventories",-2825,"-2800",-6902
"501","Wed, Jul 24, 2013","10:30","US DOE Gasoline Inventories",-1389,"1650",3055
"502","Wed, Jul 24, 2013","10:30","US DOE Refinery Utilization",-0.5,"-0.3",0.4
"503","Wed, Jul 17, 2013","10:30","US DOE Distillate Inventories",3870,"1500",3038
"504","Wed, Jul 17, 2013","10:30","US DOE Crude Oil Inventories",-6902,"-2000",-9874
"505","Wed, Jul 17, 2013","10:30","US DOE Gasoline Inventories",3055,"-1500",-2634
"506","Wed, Jul 17, 2013","10:30","US DOE Refinery Utilization",0.4,"-0.4",0.2
"507","Wed, Jul 10, 2013","10:30","US DOE Distillate Inventories",3038,"1000",-2418
"508","Wed, Jul 10, 2013","10:30","US DOE Crude Oil Inventories",-9874,"-3200",-10347
"509","Wed, Jul 10, 2013","10:30","US DOE Gasoline Inventories",-2634,"1000",-1719
"510","Wed, Jul 10, 2013","10:30","US DOE Refinery Utilization",0.2,"0.2",2
"511","Wed, Jul 03, 2013","10:30","US DOE Distillate Inventories",-2418,"1000",1567
"512","Wed, Jul 03, 2013","10:30","US DOE Crude Oil Inventories",-10347,"-2250",18
"513","Wed, Jul 03, 2013","10:30","US DOE Gasoline Inventories",-1719,"700",3653
"514","Wed, Jul 03, 2013","10:30","US DOE Refinery Utilization",2,"0.5",0.9
"515","Wed, Jun 26, 2013","10:30","US DOE Distillate Inventories",1567,"650",-489
"516","Wed, Jun 26, 2013","10:30","US DOE Crude Oil Inventories",18,"-1750",313
"517","Wed, Jun 26, 2013","10:30","US DOE Gasoline Inventories",3653,"875",183
"518","Wed, Jun 26, 2013","10:30","US DOE Refinery Utilization",0.9,"0.25",1.8
"519","Wed, Jun 19, 2013","10:30","US DOE Distillate Inventories",-489,"925",-1163
"520","Wed, Jun 19, 2013","10:30","US DOE Crude Oil Inventories",313,"-500",2523
"521","Wed, Jun 19, 2013","10:30","US DOE Gasoline Inventories",183,"750",2748
"522","Wed, Jun 19, 2013","10:30","US DOE Refinery Utilization",1.8,"0.5",-0.9
"523","Wed, Jun 12, 2013","10:30","US DOE Distillate Inventories",-1163,"1500",2611
"524","Wed, Jun 12, 2013","10:30","US DOE Crude Oil Inventories",2523,"-1500",-6267
"525","Wed, Jun 12, 2013","10:30","US DOE Gasoline Inventories",2748,"500",-366
"526","Wed, Jun 12, 2013","10:30","US DOE Refinery Utilization",-0.9,"0.3",2
"527","Wed, Jun 05, 2013","10:30","US DOE Distillate Inventories",2611,"1400",1851
"528","Wed, Jun 05, 2013","10:30","US DOE Crude Oil Inventories",-6267,"-800",3000
"529","Wed, Jun 05, 2013","10:30","US DOE Gasoline Inventories",-366,"1000",-1514
"530","Wed, Jun 05, 2013","10:30","US DOE Refinery Utilization",2,"0.6",-0.9
"531","Thu, May 30, 2013","11:00","US DOE Distillate Inventories",1851,"-450",-1052
"532","Thu, May 30, 2013","11:00","US DOE Crude Oil Inventories",3000,"-500",-338
"533","Thu, May 30, 2013","11:00","US DOE Gasoline Inventories",-1514,"-500",3015
"534","Thu, May 30, 2013","11:00","US DOE Refinery Utilization",-0.9,"0.3",-0.7
"535","Wed, May 22, 2013","10:30","US DOE Distillate Inventories",-1052,"1000",2300
"536","Wed, May 22, 2013","10:30","US DOE Crude Oil Inventories",-338,"-1000",-624
"537","Wed, May 22, 2013","10:30","US DOE Gasoline Inventories",3015,"-300",2588
"538","Wed, May 22, 2013","10:30","US DOE Refinery Utilization",-0.7,"0.5",1
"539","Wed, May 15, 2013","10:30","US DOE Distillate Inventories",2300,"475",1812
"540","Wed, May 15, 2013","10:30","US DOE Crude Oil Inventories",-624,"450",230
"541","Wed, May 15, 2013","10:30","US DOE Gasoline Inventories",2588,"-1100",-910
"542","Wed, May 15, 2013","10:30","US DOE Refinery Utilization",1,"0.5",2.6
"543","Wed, May 08, 2013","10:30","US DOE Distillate Inventories",1812,"500",474
"544","Wed, May 08, 2013","10:30","US DOE Crude Oil Inventories",230,"2000",6696
"545","Wed, May 08, 2013","10:30","US DOE Gasoline Inventories",-910,"-475",-1818
"546","Wed, May 08, 2013","10:30","US DOE Refinery Utilization",2.6,"0.5",0.9
"547","Wed, May 01, 2013","10:30","US DOE Distillate Inventories",474,"250",97
"548","Wed, May 01, 2013","10:30","US DOE Crude Oil Inventories",6696,"1100",947
"549","Wed, May 01, 2013","10:30","US DOE Gasoline Inventories",-1818,"-900",-3928
"550","Wed, May 01, 2013","10:30","US DOE Refinery Utilization",0.9,"0.68",-2.8
"551","Wed, Apr 24, 2013","10:30","US DOE Distillate Inventories",97,"500",2364
"552","Wed, Apr 24, 2013","10:30","US DOE Crude Oil Inventories",947,"2000",-1233
"553","Wed, Apr 24, 2013","10:30","US DOE Gasoline Inventories",-3928,"-600",-633
"554","Wed, Apr 24, 2013","10:30","US DOE Refinery Utilization",-2.8,"0.5",-0.5
"555","Wed, Apr 17, 2013","10:30","US DOE Distillate Inventories",2364,"-350",-169
"556","Wed, Apr 17, 2013","10:30","US DOE Crude Oil Inventories",-1233,"1200",250
"557","Wed, Apr 17, 2013","10:30","US DOE Gasoline Inventories",-633,"-800",1699
"558","Wed, Apr 17, 2013","10:30","US DOE Refinery Utilization",-0.5,"0",0.5
"559","Wed, Apr 10, 2013","10:30","US DOE Distillate Inventories",-169,"-1500",-2266
"560","Wed, Apr 10, 2013","10:30","US DOE Crude Oil Inventories",250,"1500",2707
"561","Wed, Apr 10, 2013","10:30","US DOE Gasoline Inventories",1699,"-1500",-572
"562","Wed, Apr 10, 2013","10:30","US DOE Refinery Utilization",0.5,"0.2",0.6
"563","Wed, Apr 03, 2013","10:30","US DOE Distillate Inventories",-2266,"-1100",-4513
"564","Wed, Apr 03, 2013","10:30","US DOE Crude Oil Inventories",2707,"2050",3256
"565","Wed, Apr 03, 2013","10:30","US DOE Gasoline Inventories",-572,"-1000",-1596
"566","Wed, Apr 03, 2013","10:30","US DOE Refinery Utilization",0.6,"0.3",2.2
"567","Wed, Mar 27, 2013","10:30","US DOE Distillate Inventories",-4513,"-850",-672
"568","Wed, Mar 27, 2013","10:30","US DOE Crude Oil Inventories",3256,"1325",-1314
"569","Wed, Mar 27, 2013","10:30","US DOE Gasoline Inventories",-1596,"-1000",-1476
"570","Wed, Mar 27, 2013","10:30","US DOE Refinery Utilization",2.2,"0.45",2.5
"571","Wed, Mar 20, 2013","10:30","US DOE Distillate Inventories",-672,"-1000",83
"572","Wed, Mar 20, 2013","10:30","US DOE Crude Oil Inventories",-1314,"2000",2624
"573","Wed, Mar 20, 2013","10:30","US DOE Gasoline Inventories",-1476,"-2000",-3571
"574","Wed, Mar 20, 2013","10:30","US DOE Refinery Utilization",2.5,"0",-1.2
"575","Wed, Mar 13, 2013","10:30","US DOE Distillate Inventories",83,"-2000",-3830
"576","Wed, Mar 13, 2013","10:30","US DOE Crude Oil Inventories",2624,"2300",3833
"577","Wed, Mar 13, 2013","10:30","US DOE Gasoline Inventories",-3571,"-1200",-616
"578","Wed, Mar 13, 2013","10:30","US DOE Refinery Utilization",-1.2,"0",-2.9
"579","Wed, Mar 06, 2013","10:30","US DOE Distillate Inventories",-3830,"-1000",557
"580","Wed, Mar 06, 2013","10:30","US DOE Crude Oil Inventories",3833,"788",1130
"581","Wed, Mar 06, 2013","10:30","US DOE Gasoline Inventories",-616,"-1000",-1857
"582","Wed, Mar 06, 2013","10:30","US DOE Refinery Utilization",-2.9,"0.4",2.2
"583","Wed, Feb 27, 2013","10:30","US DOE Distillate Inventories",557,"-1550",-2277
"584","Wed, Feb 27, 2013","10:30","US DOE Crude Oil Inventories",1130,"2500",4143
"585","Wed, Feb 27, 2013","10:30","US DOE Gasoline Inventories",-1857,"-1000",-2884
"586","Wed, Feb 27, 2013","10:30","US DOE Refinery Utilization",2.2,"0.2",-0.9
"587","Thu, Feb 21, 2013","11:00","US DOE Distillate Inventories",-2277,"-1800",-3677
"588","Thu, Feb 21, 2013","11:00","US DOE Crude Oil Inventories",4143,"2000",560
"589","Thu, Feb 21, 2013","11:00","US DOE Gasoline Inventories",-2884,"-900",-803
"590","Thu, Feb 21, 2013","11:00","US DOE Refinery Utilization",-0.9,"-0.4",-0.4
"591","Wed, Feb 13, 2013","10:30","US DOE Distillate Inventories",-3677,"-1750",-1042
"592","Wed, Feb 13, 2013","10:30","US DOE Crude Oil Inventories",560,"2200",2623
"593","Wed, Feb 13, 2013","10:30","US DOE Gasoline Inventories",-803,"500",1738
"594","Wed, Feb 13, 2013","10:30","US DOE Refinery Utilization",-0.4,"0",-0.8
"595","Wed, Feb 06, 2013","10:30","US DOE Distillate Inventories",-1042,"-625",-2315
"596","Wed, Feb 06, 2013","10:30","US DOE Crude Oil Inventories",2623,"2650",5947
"597","Wed, Feb 06, 2013","10:30","US DOE Gasoline Inventories",1738,"900",-956
"598","Wed, Feb 06, 2013","10:30","US DOE Refinery Utilization",-0.8,"-0.4",1.4
"599","Wed, Jan 30, 2013","10:30","US DOE Distillate Inventories",-2315,"-500",508
"600","Wed, Jan 30, 2013","10:30","US DOE Crude Oil Inventories",5947,"2500",2813
"601","Wed, Jan 30, 2013","10:30","US DOE Gasoline Inventories",-956,"1000",-1738
"602","Wed, Jan 30, 2013","10:30","US DOE Refinery Utilization",1.4,"-0.35",-4.3
"603","Thu, Jan 24, 2013","11:00","US DOE Distillate Inventories",508,"0",1686
"604","Thu, Jan 24, 2013","11:00","US DOE Crude Oil Inventories",2813,"2150",-951
"605","Thu, Jan 24, 2013","11:00","US DOE Gasoline Inventories",-1738,"1250",1910
"606","Thu, Jan 24, 2013","11:00","US DOE Refinery Utilization",-4.3,"-0.6",-1.2
"607","Wed, Jan 16, 2013","10:30","US DOE Distillate Inventories",1686,"1500",6777
"608","Wed, Jan 16, 2013","10:30","US DOE Crude Oil Inventories",-951,"2200",1314
"609","Wed, Jan 16, 2013","10:30","US DOE Gasoline Inventories",1910,"2700",7412
"610","Wed, Jan 16, 2013","10:30","US DOE Refinery Utilization",-1.2,"-0.75",-1.3
"611","Wed, Jan 09, 2013","10:30","US DOE Distillate Inventories",6777,"1900",4574
"612","Wed, Jan 09, 2013","10:30","US DOE Crude Oil Inventories",1314,"2000",-11120
"613","Wed, Jan 09, 2013","10:30","US DOE Gasoline Inventories",7412,"2500",2569
"614","Wed, Jan 09, 2013","10:30","US DOE Refinery Utilization",-1.3,"0.25",0.1
"615","Fri, Jan 04, 2013","11:00","US DOE Distillate Inventories",4574,"1250",2423
"616","Fri, Jan 04, 2013","11:00","US DOE Crude Oil Inventories",-11120,"-1000",-586
"617","Fri, Jan 04, 2013","11:00","US DOE Gasoline Inventories",2569,"2200",3782
"618","Fri, Jan 04, 2013","11:00","US DOE Refinery Utilization",0.1,"0.5",-1.2
"619","Fri, Dec 28, 2012","11:00","US DOE Distillate Inventories",2423,"-850",-1085
"620","Fri, Dec 28, 2012","11:00","US DOE Crude Oil Inventories",-586,"-1750",-964
"621","Fri, Dec 28, 2012","11:00","US DOE Gasoline Inventories",3782,"850",2207
"622","Fri, Dec 28, 2012","11:00","US DOE Refinery Utilization",-1.2,"-0.2",1.1
"623","Wed, Dec 19, 2012","10:30","US DOE Distillate Inventories",-1085,"1000",2986
"624","Wed, Dec 19, 2012","10:30","US DOE Crude Oil Inventories",-964,"-1750",843
"625","Wed, Dec 19, 2012","10:30","US DOE Gasoline Inventories",2207,"2000",5000
"626","Wed, Dec 19, 2012","10:30","US DOE Refinery Utilization",1.1,"0",-0.2
"627","Wed, Dec 12, 2012","10:30","US DOE Distillate Inventories",2986,"1100",3027
"628","Wed, Dec 12, 2012","10:30","US DOE Crude Oil Inventories",843,"-2500",-2357
"629","Wed, Dec 12, 2012","10:30","US DOE Gasoline Inventories",5000,"2000",7860
"630","Wed, Dec 12, 2012","10:30","US DOE Refinery Utilization",-0.2,"0",2
"631","Wed, Dec 05, 2012","10:30","US DOE Distillate Inventories",3027,"850",-800
"632","Wed, Dec 05, 2012","10:30","US DOE Crude Oil Inventories",-2357,"-500",-347
"633","Wed, Dec 05, 2012","10:30","US DOE Gasoline Inventories",7860,"1550",3865
"634","Wed, Dec 05, 2012","10:30","US DOE Refinery Utilization",2,"0.5",1.1
"635","Wed, Nov 28, 2012","10:30","US DOE Distillate Inventories",-800,"500",-2675
"636","Wed, Nov 28, 2012","10:30","US DOE Crude Oil Inventories",-347,"350",-1466
"637","Wed, Nov 28, 2012","10:30","US DOE Gasoline Inventories",3865,"900",-1547
"638","Wed, Nov 28, 2012","10:30","US DOE Refinery Utilization",1.1,"0.5",1.5
"639","Wed, Nov 21, 2012","10:30","US DOE Distillate Inventories",-2675,"-1000",-2539
"640","Wed, Nov 21, 2012","10:30","US DOE Crude Oil Inventories",-1466,"1000",1089
"641","Wed, Nov 21, 2012","10:30","US DOE Gasoline Inventories",-1547,"1000",-440
"642","Wed, Nov 21, 2012","10:30","US DOE Refinery Utilization",1.5,"0.5",0.6
"643","Thu, Nov 15, 2012","11:00","US DOE Distillate Inventories",-2539,"-950",131
"644","Thu, Nov 15, 2012","11:00","US DOE Crude Oil Inventories",1089,"2650",1766
"645","Thu, Nov 15, 2012","11:00","US DOE Gasoline Inventories",-440,"-1000",2875
"646","Thu, Nov 15, 2012","11:00","US DOE Refinery Utilization",0.6,"0.5",-2.3
"647","Wed, Nov 07, 2012","10:30","US DOE Distillate Inventories",131,"-1250",-93
"648","Wed, Nov 07, 2012","10:30","US DOE Crude Oil Inventories",1766,"2000",-2045
"649","Wed, Nov 07, 2012","10:30","US DOE Gasoline Inventories",2875,"-1500",935
"650","Wed, Nov 07, 2012","10:30","US DOE Refinery Utilization",-2.3,"-1.5",0.5
"651","Thu, Nov 01, 2012","11:00","US DOE Distillate Inventories",-93,"-1400",-646
"652","Thu, Nov 01, 2012","11:00","US DOE Crude Oil Inventories",-2045,"1800",5896
"653","Thu, Nov 01, 2012","11:00","US DOE Gasoline Inventories",935,"850",1439
"654","Thu, Nov 01, 2012","11:00","US DOE Refinery Utilization",0.5,"0.13",-0.2
"655","Wed, Oct 24, 2012","10:30","US DOE Distillate Inventories",-646,"-1200",-2218
"656","Wed, Oct 24, 2012","10:30","US DOE Crude Oil Inventories",5896,"1800",2860
"657","Wed, Oct 24, 2012","10:30","US DOE Gasoline Inventories",1439,"500",1720
"658","Wed, Oct 24, 2012","10:30","US DOE Refinery Utilization",-0.2,"0.5",0.7
"659","Wed, Oct 17, 2012","10:30","US DOE Distillate Inventories",-2218,"-1500",-3177
"660","Wed, Oct 17, 2012","10:30","US DOE Crude Oil Inventories",2860,"1500",1672
"661","Wed, Oct 17, 2012","10:30","US DOE Gasoline Inventories",1720,"500",-534
"662","Wed, Oct 17, 2012","10:30","US DOE Refinery Utilization",0.7,"0.25",-1.5
"663","Thu, Oct 11, 2012","11:00","US DOE Distillate Inventories",-3177,"-1000",-3689
"664","Thu, Oct 11, 2012","11:00","US DOE Crude Oil Inventories",1672,"1500",-482
"665","Thu, Oct 11, 2012","11:00","US DOE Gasoline Inventories",-534,"250",114
"666","Thu, Oct 11, 2012","11:00","US DOE Refinery Utilization",-1.5,"0",0.8
"667","Wed, Oct 03, 2012","10:30","US DOE Distillate Inventories",-3689,"-400",-482
"668","Wed, Oct 03, 2012","10:30","US DOE Crude Oil Inventories",-482,"1500",-2446
"669","Wed, Oct 03, 2012","10:30","US DOE Gasoline Inventories",114,"-500",-481
"670","Wed, Oct 03, 2012","10:30","US DOE Refinery Utilization",0.8,"0.1",-1.5
"671","Wed, Sep 26, 2012","10:30","US DOE Distillate Inventories",-482,"500",-322
"672","Wed, Sep 26, 2012","10:30","US DOE Crude Oil Inventories",-2446,"1900",8534
"673","Wed, Sep 26, 2012","10:30","US DOE Gasoline Inventories",-481,"500",-1407
"674","Wed, Sep 26, 2012","10:30","US DOE Refinery Utilization",-1.5,"0.25",4.2
"675","Wed, Sep 19, 2012","10:30","US DOE Distillate Inventories",-322,"1000",1476
"676","Wed, Sep 19, 2012","10:30","US DOE Crude Oil Inventories",8534,"1000",1994
"677","Wed, Sep 19, 2012","10:30","US DOE Gasoline Inventories",-1407,"1000",-1177
"678","Wed, Sep 19, 2012","10:30","US DOE Refinery Utilization",4.2,"1",-1.4
"679","Wed, Sep 12, 2012","10:30","US DOE Distillate Inventories",1476,"-500",993
"680","Wed, Sep 12, 2012","10:30","US DOE Crude Oil Inventories",1994,"-2900",-7426
"681","Wed, Sep 12, 2012","10:30","US DOE Gasoline Inventories",-1177,"-1700",-2334
"682","Wed, Sep 12, 2012","10:30","US DOE Refinery Utilization",-1.4,"1",-5.1
"683","Thu, Sep 06, 2012","11:00","US DOE Distillate Inventories",993,"-1550",873
"684","Thu, Sep 06, 2012","11:00","US DOE Crude Oil Inventories",-7426,"-4950",3778
"685","Thu, Sep 06, 2012","11:00","US DOE Gasoline Inventories",-2334,"-3000",-1509
"686","Thu, Sep 06, 2012","11:00","US DOE Refinery Utilization",-5.1,"-1.5",0
"687","Wed, Aug 29, 2012","10:30","US DOE Distillate Inventories",873,"200",992
"688","Wed, Aug 29, 2012","10:30","US DOE Crude Oil Inventories",3778,"-1750",-5412
"689","Wed, Aug 29, 2012","10:30","US DOE Gasoline Inventories",-1509,"-1450",-962
"690","Wed, Aug 29, 2012","10:30","US DOE Refinery Utilization",0,"-0.3",-1.4
"691","Wed, Aug 22, 2012","10:30","US DOE Distillate Inventories",992,"1000",677
"692","Wed, Aug 22, 2012","10:30","US DOE Crude Oil Inventories",-5412,"-250",-3699
"693","Wed, Aug 22, 2012","10:30","US DOE Gasoline Inventories",-962,"-1350",-2371
"694","Wed, Aug 22, 2012","10:30","US DOE Refinery Utilization",-1.4,"-0.3",0
"695","Wed, Aug 15, 2012","10:30","US DOE Distillate Inventories",677,"-275",-724
"696","Wed, Aug 15, 2012","10:30","US DOE Crude Oil Inventories",-3699,"-1500",-3729
"697","Wed, Aug 15, 2012","10:30","US DOE Gasoline Inventories",-2371,"-2000",-1801
"698","Wed, Aug 15, 2012","10:30","US DOE Refinery Utilization",0,"-0.6",0.4
"699","Wed, Aug 08, 2012","10:30","US DOE Distillate Inventories",-724,"250",-974
"700","Wed, Aug 08, 2012","10:30","US DOE Crude Oil Inventories",-3729,"-1550",-6522
"701","Wed, Aug 08, 2012","10:30","US DOE Gasoline Inventories",-1801,"-1750",-2174
"702","Wed, Aug 08, 2012","10:30","US DOE Refinery Utilization",0.4,"-0.5",-0.8
"703","Wed, Aug 01, 2012","10:30","US DOE Distillate Inventories",-974,"1100",1708
"704","Wed, Aug 01, 2012","10:30","US DOE Crude Oil Inventories",-6522,"-1000",2717
"705","Wed, Aug 01, 2012","10:30","US DOE Gasoline Inventories",-2174,"800",4134
"706","Wed, Aug 01, 2012","10:30","US DOE Refinery Utilization",-0.8,"-0.5",1
"707","Wed, Jul 25, 2012","10:30","US DOE Distillate Inventories",1708,"1400",2619
"708","Wed, Jul 25, 2012","10:30","US DOE Crude Oil Inventories",2717,"-1000",-809
"709","Wed, Jul 25, 2012","10:30","US DOE Gasoline Inventories",4134,"-1000",-1815
"710","Wed, Jul 25, 2012","10:30","US DOE Refinery Utilization",1,"-0.1",-0.7
"711","Wed, Jul 18, 2012","10:30","US DOE Distillate Inventories",2619,"1300",3112
"712","Wed, Jul 18, 2012","10:30","US DOE Crude Oil Inventories",-809,"-1300",-4696
"713","Wed, Jul 18, 2012","10:30","US DOE Gasoline Inventories",-1815,"1200",2752
"714","Wed, Jul 18, 2012","10:30","US DOE Refinery Utilization",-0.7,"0.3",0.7
"715","Wed, Jul 11, 2012","10:30","US DOE Distillate Inventories",3112,"625",-1051
"716","Wed, Jul 11, 2012","10:30","US DOE Crude Oil Inventories",-4696,"-1375",-4270
"717","Wed, Jul 11, 2012","10:30","US DOE Gasoline Inventories",2752,"500",151
"718","Wed, Jul 11, 2012","10:30","US DOE Refinery Utilization",0.7,"0.2",-0.6
"719","Thu, Jul 05, 2012","11:00","US DOE Distillate Inventories",-1051,"1000",-2279
"720","Thu, Jul 05, 2012","11:00","US DOE Crude Oil Inventories",-4270,"-2300",-133
"721","Thu, Jul 05, 2012","11:00","US DOE Gasoline Inventories",151,"1000",2078
"722","Thu, Jul 05, 2012","11:00","US DOE Refinery Utilization",-0.6,"0.3",0.7
"723","Wed, Jun 27, 2012","10:30","US DOE Distillate Inventories",-2279,"1225",1156
"724","Wed, Jun 27, 2012","10:30","US DOE Crude Oil Inventories",-133,"-1300",2861
"725","Wed, Jun 27, 2012","10:30","US DOE Gasoline Inventories",2078,"1000",943
"726","Wed, Jun 27, 2012","10:30","US DOE Refinery Utilization",0.7,"0",-0.1
"727","Wed, Jun 20, 2012","10:30","US DOE Distillate Inventories",1156,"1000",-63
"728","Wed, Jun 20, 2012","10:30","US DOE Crude Oil Inventories",2861,"-1300",-191
"729","Wed, Jun 20, 2012","10:30","US DOE Gasoline Inventories",943,"1000",-1724
"730","Wed, Jun 20, 2012","10:30","US DOE Refinery Utilization",-0.1,"0.3",1
"731","Wed, Jun 13, 2012","10:30","US DOE Distillate Inventories",-63,"1175",2253
"732","Wed, Jun 13, 2012","10:30","US DOE Crude Oil Inventories",-191,"-1500",-111
"733","Wed, Jun 13, 2012","10:30","US DOE Gasoline Inventories",-1724,"1400",3346
"734","Wed, Jun 13, 2012","10:30","US DOE Refinery Utilization",1,"0",1.9
"735","Wed, Jun 06, 2012","10:30","US DOE Distillate Inventories",2253,"-250",-1709
"736","Wed, Jun 06, 2012","10:30","US DOE Crude Oil Inventories",-111,"-500",2213
"737","Wed, Jun 06, 2012","10:30","US DOE Gasoline Inventories",3346,"950",-833
"738","Wed, Jun 06, 2012","10:30","US DOE Refinery Utilization",1.9,"0.5",1
"739","Thu, May 31, 2012","11:00","US DOE Distillate Inventories",-1709,"0",-309
"740","Thu, May 31, 2012","11:00","US DOE Crude Oil Inventories",2213,"1000",883
"741","Thu, May 31, 2012","11:00","US DOE Gasoline Inventories",-833,"-1000",-3299
"742","Thu, May 31, 2012","11:00","US DOE Refinery Utilization",1,"0.4",-0.2
"743","Wed, May 23, 2012","10:30","US DOE Distillate Inventories",-309,"-500",NA
"744","Wed, May 23, 2012","10:30","US DOE Crude Oil Inventories",883,"1650",NA
"745","Wed, May 23, 2012","10:30","US DOE Gasoline Inventories",-3299,"-650",NA
"746","Wed, May 23, 2012","10:30","US DOE Refinery Utilization",-0.2,"0.3",NA
"747","Wed, May 16, 2012","10:30","US DOE Distillate Inventories",-969,"150",-3251
"748","Wed, May 16, 2012","10:30","US DOE Crude Oil Inventories",2128,"1750",3652
"749","Wed, May 16, 2012","10:30","US DOE Gasoline Inventories",-2797,"-100",-2613
"750","Wed, May 16, 2012","10:30","US DOE Refinery Utilization",1.9,"0.5",0.4
"751","Wed, May 09, 2012","10:30","US DOE Distillate Inventories",-3251,"125",-1903
"752","Wed, May 09, 2012","10:30","US DOE Crude Oil Inventories",3652,"2000",2840
"753","Wed, May 09, 2012","10:30","US DOE Gasoline Inventories",-2613,"-750",-2009
"754","Wed, May 09, 2012","10:30","US DOE Refinery Utilization",0.4,"0.5",1.3
"755","Wed, May 02, 2012","10:30","US DOE Distillate Inventories",-1903,"-350",-3052
"756","Wed, May 02, 2012","10:30","US DOE Crude Oil Inventories",2840,"2500",3978
"757","Wed, May 02, 2012","10:30","US DOE Gasoline Inventories",-2009,"-1500",-2235
"758","Wed, May 02, 2012","10:30","US DOE Refinery Utilization",1.3,"0.4",0.1
"759","Wed, Apr 25, 2012","10:30","US DOE Distillate Inventories",-3052,"500",-2908
"760","Wed, Apr 25, 2012","10:30","US DOE Crude Oil Inventories",3978,"2800",3856
"761","Wed, Apr 25, 2012","10:30","US DOE Gasoline Inventories",-2235,"-1500",-3671
"762","Wed, Apr 25, 2012","10:30","US DOE Refinery Utilization",0.1,"0.5",0.8
"763","Wed, Apr 18, 2012","10:30","US DOE Distillate Inventories",-2908,"-125",-4000
"764","Wed, Apr 18, 2012","10:30","US DOE Crude Oil Inventories",3856,"1800",2791
"765","Wed, Apr 18, 2012","10:30","US DOE Gasoline Inventories",-3671,"-1100",-4277
"766","Wed, Apr 18, 2012","10:30","US DOE Refinery Utilization",0.8,"0.6",-1.9
"767","Wed, Apr 11, 2012","10:30","US DOE Distillate Inventories",-4000,"-250",19
"768","Wed, Apr 11, 2012","10:30","US DOE Crude Oil Inventories",2791,"2000",9009
"769","Wed, Apr 11, 2012","10:30","US DOE Gasoline Inventories",-4277,"-1375",-1457
"770","Wed, Apr 11, 2012","10:30","US DOE Refinery Utilization",-1.9,"0.3",1.2
"771","Wed, Apr 04, 2012","10:30","US DOE Distillate Inventories",19,"-500",-711
"772","Wed, Apr 04, 2012","10:30","US DOE Crude Oil Inventories",9009,"2500",7102
"773","Wed, Apr 04, 2012","10:30","US DOE Gasoline Inventories",-1457,"-1400",-3537
"774","Wed, Apr 04, 2012","10:30","US DOE Refinery Utilization",1.2,"0.35",2.3
"775","Wed, Mar 28, 2012","10:30","US DOE Distillate Inventories",-711,"-500",1763
"776","Wed, Mar 28, 2012","10:30","US DOE Crude Oil Inventories",7102,"2550",-1162
"777","Wed, Mar 28, 2012","10:30","US DOE Gasoline Inventories",-3537,"-1550",-1214
"778","Wed, Mar 28, 2012","10:30","US DOE Refinery Utilization",2.3,"0.3",-0.5
"779","Wed, Mar 21, 2012","10:30","US DOE Distillate Inventories",1763,"-1500",-4682
"780","Wed, Mar 21, 2012","10:30","US DOE Crude Oil Inventories",-1162,"2200",1750
"781","Wed, Mar 21, 2012","10:30","US DOE Gasoline Inventories",-1214,"-2000",-1410
"782","Wed, Mar 21, 2012","10:30","US DOE Refinery Utilization",-0.5,"0",-1.2
"783","Wed, Mar 14, 2012","10:30","US DOE Distillate Inventories",-4682,"-1500",-1944
"784","Wed, Mar 14, 2012","10:30","US DOE Crude Oil Inventories",1750,"1600",832
"785","Wed, Mar 14, 2012","10:30","US DOE Gasoline Inventories",-1410,"-1000",-396
"786","Wed, Mar 14, 2012","10:30","US DOE Refinery Utilization",-1.2,"0",0.3
"787","Wed, Mar 07, 2012","10:30","US DOE Distillate Inventories",-1944,"-1650",-2069
"788","Wed, Mar 07, 2012","10:30","US DOE Crude Oil Inventories",832,"1500",4160
"789","Wed, Mar 07, 2012","10:30","US DOE Gasoline Inventories",-396,"-1600",-1600
"790","Wed, Mar 07, 2012","10:30","US DOE Refinery Utilization",0.3,"0",-1.9
"791","Wed, Feb 29, 2012","10:30","US DOE Distillate Inventories",-2069,"-750",-208
"792","Wed, Feb 29, 2012","10:30","US DOE Crude Oil Inventories",4160,"1100",1633
"793","Wed, Feb 29, 2012","10:30","US DOE Gasoline Inventories",-1600,"-425",-649
"794","Wed, Feb 29, 2012","10:30","US DOE Refinery Utilization",-1.9,"0.5",1.5
"795","Thu, Feb 23, 2012","11:00","US DOE Distillate Inventories",-208,"-1500",-2867
"796","Thu, Feb 23, 2012","11:00","US DOE Crude Oil Inventories",1633,"1350",-171
"797","Thu, Feb 23, 2012","11:00","US DOE Gasoline Inventories",-649,"250",400
"798","Thu, Feb 23, 2012","11:00","US DOE Refinery Utilization",1.5,"-0.5",1.2
"799","Wed, Feb 15, 2012","10:30","US DOE Distillate Inventories",-2867,"-1100",1174
"800","Wed, Feb 15, 2012","10:30","US DOE Crude Oil Inventories",-171,"1500",304
"801","Wed, Feb 15, 2012","10:30","US DOE Gasoline Inventories",400,"700",1629
"802","Wed, Feb 15, 2012","10:30","US DOE Refinery Utilization",1.2,"-0.15",1
"803","Wed, Feb 08, 2012","10:30","US DOE Distillate Inventories",1174,"-875",-135
"804","Wed, Feb 08, 2012","10:30","US DOE Crude Oil Inventories",304,"2500",4175
"805","Wed, Feb 08, 2012","10:30","US DOE Gasoline Inventories",1629,"875",3017
"806","Wed, Feb 08, 2012","10:30","US DOE Refinery Utilization",1,"-0.4",-0.4
"807","Wed, Feb 01, 2012","10:30","US DOE Distillate Inventories",-135,"-1375",-2456
"808","Wed, Feb 01, 2012","10:30","US DOE Crude Oil Inventories",4175,"2600",3558
"809","Wed, Feb 01, 2012","10:30","US DOE Gasoline Inventories",3017,"500",-390
"810","Wed, Feb 01, 2012","10:30","US DOE Refinery Utilization",-0.4,"0",-1.5
"811","Wed, Jan 25, 2012","10:30","US DOE Distillate Inventories",-2456,"-125",438
"812","Wed, Jan 25, 2012","10:30","US DOE Crude Oil Inventories",3558,"1450",-3438
"813","Wed, Jan 25, 2012","10:30","US DOE Gasoline Inventories",-390,"2000",3717
"814","Wed, Jan 25, 2012","10:30","US DOE Refinery Utilization",-1.5,"-0.4",-1.9
"815","Thu, Jan 19, 2012","11:00","US DOE Distillate Inventories",438,"1375",3985
"816","Thu, Jan 19, 2012","11:00","US DOE Crude Oil Inventories",-3438,"3000",4958
"817","Thu, Jan 19, 2012","11:00","US DOE Gasoline Inventories",3717,"2350",3610
"818","Thu, Jan 19, 2012","11:00","US DOE Refinery Utilization",-1.9,"-0.5",0.6
"819","Wed, Jan 11, 2012","10:30","US DOE Distillate Inventories",3985,"2250",3224
"820","Wed, Jan 11, 2012","10:30","US DOE Crude Oil Inventories",4958,"1000",2209
"821","Wed, Jan 11, 2012","10:30","US DOE Gasoline Inventories",3610,"2550",2479
"822","Wed, Jan 11, 2012","10:30","US DOE Refinery Utilization",0.6,"0.5",0.8
"823","Thu, Jan 05, 2012","11:00","US DOE Distillate Inventories",3224,"1000",1205
"824","Thu, Jan 05, 2012","11:00","US DOE Crude Oil Inventories",2209,"-1000",3899
"825","Thu, Jan 05, 2012","11:00","US DOE Gasoline Inventories",2479,"1000",-692
"826","Thu, Jan 05, 2012","11:00","US DOE Refinery Utilization",0.8,"0.5",-0.7
"827","Thu, Dec 29, 2011","11:00","US DOE Distillate Inventories",1205,"-650",-2353
"828","Thu, Dec 29, 2011","11:00","US DOE Crude Oil Inventories",3899,"-2500",-10570
"829","Thu, Dec 29, 2011","11:00","US DOE Gasoline Inventories",-692,"-500",-412
"830","Thu, Dec 29, 2011","11:00","US DOE Refinery Utilization",-0.7,"0",-0.2
