"";"";"";"";"";"Act.";"F'cast";"Prior";"Rev.";""
"1";"Wed, Dec 09, 2015";"10:30";NA;"USÂ DOE Distillate Inventories";4998;"2250";3051;NA;"Chart"
"2";"";"10:30";NA;"USÂ DOE Crude Oil Inventories";-3568;"1300";1177;NA;"Chart"
"3";"";"10:30";NA;"USÂ DOE Gasoline Inventories";786;"1750";135;NA;"Chart"
"4";"";"10:30";NA;"USÂ DOE Refinery Utilization";-1,4;"0.5";2,5;NA;"Chart"
"5";"Wed, Dec 02, 2015";"10:30";NA;"USÂ DOE Distillate Inventories";3051;"500";1046;NA;"Chart"
"6";"";"10:30";NA;"USÂ DOE Crude Oil Inventories";1177;"-800";961;NA;"Chart"
"7";"";"10:30";NA;"USÂ DOE Gasoline Inventories";135;"1550";2478;NA;"Chart"
"8";"";"10:30";NA;"USÂ DOE Refinery Utilization";2,5;"0.5";1,7;NA;"Chart"
"9";"Wed, Nov 25, 2015";"10:30";NA;"USÂ DOE Distillate Inventories";1046;"-750";-791;NA;"Chart"
"10";"";"10:30";NA;"USÂ DOE Crude Oil Inventories";961;"1000";252;NA;"Chart"
"11";"";"10:30";NA;"USÂ DOE Gasoline Inventories";2478;"950";1009;NA;"Chart"
"12";"";"10:30";NA;"USÂ DOE Refinery Utilization";1,7;"0.4";0,8;NA;"Chart"
"13";"Wed, Nov 18, 2015";"10:30";NA;"USÂ DOE Distillate Inventories";-791;"-500";352;NA;"Chart"
"14";"";"10:30";NA;"USÂ DOE Crude Oil Inventories";252;"2000";4224;NA;"Chart"
"15";"";"10:30";NA;"USÂ DOE Gasoline Inventories";1009;"-500";-2102;NA;"Chart"
"16";"";"10:30";NA;"USÂ DOE Refinery Utilization";0,8;"0.5";0,8;NA;"Chart"
"17";"Thu, Nov 12, 2015";"11:00";NA;"USÂ DOE Distillate Inventories";352;"-1000";-1300;NA;"Chart"
"18";"";"11:00";NA;"USÂ DOE Crude Oil Inventories";4224;"1300";2847;NA;"Chart"
"19";"";"11:00";NA;"USÂ DOE Gasoline Inventories";-2102;"-1000";-3300;NA;"Chart"
"20";"";"11:00";NA;"USÂ DOE Refinery Utilization";0,8;"0.5";1,1;NA;"Chart"
"21";"Wed, Nov 04, 2015";"10:30";NA;"USÂ DOE Distillate Inventories";-1300;"-2000";-2951;NA;"Chart"
"22";"";"10:30";NA;"USÂ DOE Crude Oil Inventories";2847;"2500";3376;NA;"Chart"
"23";"";"10:30";NA;"USÂ DOE Gasoline Inventories";-3300;"-1250";-1137;NA;"Chart"
"24";"";"10:30";NA;"USÂ DOE Refinery Utilization";1,1;"0.3";1,2;NA;"Chart"
"25";"Wed, Oct 28, 2015";"10:30";NA;"USÂ DOE Distillate Inventories";-2951;"-1750";-2622;NA;"Chart"
"26";"";"10:30";NA;"USÂ DOE Crude Oil Inventories";3376;"3750";8028;NA;"Chart"
"27";"";"10:30";NA;"USÂ DOE Gasoline Inventories";-1137;"-1050";-1518;NA;"Chart"
"28";"";"10:30";NA;"USÂ DOE Refinery Utilization";1,2;"0";0,4;NA;"Chart"
"29";"Wed, Oct 21, 2015";"10:30";NA;"USÂ DOE Distillate Inventories";-2622;"-1100";-1520;NA;"Chart"
"30";"";"10:30";NA;"USÂ DOE Crude Oil Inventories";8028;"3750";7562;NA;"Chart"
"31";"";"10:30";NA;"USÂ DOE Gasoline Inventories";-1518;"-1000";-2618;NA;"Chart"
"32";"";"10:30";NA;"USÂ DOE Refinery Utilization";0,4;"-0.5";-1,5;NA;"Chart"
"33";"Thu, Oct 15, 2015";"11:00";NA;"USÂ DOE Distillate Inventories";-1520;"-700";-2458;NA;"Chart"
"34";"";"11:00";NA;"USÂ DOE Crude Oil Inventories";7562;"2577";3073;NA;"Chart"
"35";"";"11:00";NA;"USÂ DOE Gasoline Inventories";-2618;"-1250";1910;NA;"Chart"
"36";"";"11:00";NA;"USÂ DOE Refinery Utilization";-1,5;"-0.58";-2,3;NA;"Chart"
"37";"Wed, Oct 07, 2015";"10:30";NA;"USÂ DOE Distillate Inventories";-2458;"-300";-267;NA;"Chart"
"38";"";"10:30";NA;"USÂ DOE Crude Oil Inventories";3073;"2250";3955;NA;"Chart"
"39";"";"10:30";NA;"USÂ DOE Gasoline Inventories";1910;"250";3254;NA;"Chart"
"40";"";"10:30";NA;"USÂ DOE Refinery Utilization";-2,3;"-0.5";-1,1;NA;"Chart"
"41";"Wed, Sep 30, 2015";"10:30";NA;"USÂ DOE Distillate Inventories";-267;"-800";-2088;NA;"Chart"
"42";"";"10:30";NA;"USÂ DOE Crude Oil Inventories";3955;"0";-1925;NA;"Chart"
"43";"";"10:30";NA;"USÂ DOE Gasoline Inventories";3254;"-500";1369;NA;"Chart"
"44";"";"10:30";NA;"USÂ DOE Refinery Utilization";-1,1;"-0.45";-2,2;NA;"Chart"
"45";"Wed, Sep 23, 2015";"10:30";NA;"USÂ DOE Distillate Inventories";-2088;"950";3060;NA;"Chart"
"46";"";"10:30";NA;"USÂ DOE Crude Oil Inventories";-1925;"-1250";-2104;NA;"Chart"
"47";"";"10:30";NA;"USÂ DOE Gasoline Inventories";1369;"850";2840;NA;"Chart"
"48";"";"10:30";NA;"USÂ DOE Refinery Utilization";-2,2;"-0.5";2,2;NA;"Chart"
"49";"Wed, Sep 16, 2015";"10:30";NA;"USÂ DOE Distillate Inventories";3060;"300";952;NA;"Chart"
"50";"";"10:30";NA;"USÂ DOE Crude Oil Inventories";-2104;"2000";2570;NA;"Chart"
"51";"";"10:30";NA;"USÂ DOE Gasoline Inventories";2840;"-500";384;NA;"Chart"
"52";"";"10:30";NA;"USÂ DOE Refinery Utilization";2,2;"-0.55";-1,9;NA;"Chart"
"53";"Thu, Sep 10, 2015";"11:00";NA;"USÂ DOE Distillate Inventories";952;"900";115;NA;"Chart"
"54";"";"11:00";NA;"USÂ DOE Crude Oil Inventories";2570;"900";4667;NA;"Chart"
"55";"";"11:00";NA;"USÂ DOE Gasoline Inventories";384;"-150";-271;NA;"Chart"
"56";"";"11:00";NA;"USÂ DOE Refinery Utilization";-1,9;"-0.5";-1,7;NA;"Chart"
"57";"Wed, Sep 02, 2015";"10:30";NA;"USÂ DOE Distillate Inventories";115;"1000";1436;NA;"Chart"
"58";"";"10:30";NA;"USÂ DOE Crude Oil Inventories";4667;"900";-5452;NA;"Chart"
"59";"";"10:30";NA;"USÂ DOE Gasoline Inventories";-271;"-2000";1660;NA;"Chart"
"60";"";"10:30";NA;"USÂ DOE Refinery Utilization";-1,7;"-0.5";-0,6;NA;"Chart"
"61";"Wed, Aug 26, 2015";"10:30";NA;"USÂ DOE Distillate Inventories";1436;"1020";594;NA;"Chart"
"62";"";"10:30";NA;"USÂ DOE Crude Oil Inventories";-5452;"1450";2620;NA;"Chart"
"63";"";"10:30";NA;"USÂ DOE Gasoline Inventories";1660;"-950";-2708;NA;"Chart"
"64";"";"10:30";NA;"USÂ DOE Refinery Utilization";-0,6;"-0.5";-1;NA;"Chart"
"65";"Wed, Aug 19, 2015";"10:30";NA;"USÂ DOE Distillate Inventories";594;"1500";2994;NA;"Chart"
"66";"";"10:30";NA;"USÂ DOE Crude Oil Inventories";2620;"-820";-1682;NA;"Chart"
"67";"";"10:30";NA;"USÂ DOE Gasoline Inventories";-2708;"-1250";-1251;NA;"Chart"
"68";"";"10:30";NA;"USÂ DOE Refinery Utilization";-1;"-0.5";0;NA;"Chart"
"69";"Wed, Aug 12, 2015";"10:30";NA;"USÂ DOE Distillate Inventories";2994;"1050";709;NA;"Chart"
"70";"";"10:30";NA;"USÂ DOE Crude Oil Inventories";-1682;"-2000";-4407;NA;"Chart"
"71";"";"10:30";NA;"USÂ DOE Gasoline Inventories";-1251;"-675";811;NA;"Chart"
"72";"";"10:30";NA;"USÂ DOE Refinery Utilization";0;"-0.5";1;NA;"Chart"
"73";"Wed, Aug 05, 2015";"10:30";NA;"USÂ DOE Distillate Inventories";709;"1750";2588;NA;"Chart"
"74";"";"10:30";NA;"USÂ DOE Crude Oil Inventories";-4407;"-1630";-4203;NA;"Chart"
"75";"";"10:30";NA;"USÂ DOE Gasoline Inventories";811;"-200";-363;NA;"Chart"
"76";"";"10:30";NA;"USÂ DOE Refinery Utilization";1;"-0.1";-0,4;NA;"Chart"
"77";"Wed, Jul 29, 2015";"10:30";NA;"USÂ DOE Distillate Inventories";2588;"1450";235;NA;"Chart"
"78";"";"10:30";NA;"USÂ DOE Crude Oil Inventories";-4203;"850";2468;NA;"Chart"
"79";"";"10:30";NA;"USÂ DOE Gasoline Inventories";-363;"250";-1725;NA;"Chart"
"80";"";"10:30";NA;"USÂ DOE Refinery Utilization";-0,4;"-0.1";0,2;NA;"Chart"
"81";"Wed, Jul 22, 2015";"10:30";NA;"USÂ DOE Distillate Inventories";235;"1800";3819;NA;"Chart"
"82";"";"10:30";NA;"USÂ DOE Crude Oil Inventories";2468;"-2200";-4346;NA;"Chart"
"83";"";"10:30";NA;"USÂ DOE Gasoline Inventories";-1725;"300";58;NA;"Chart"
"84";"";"10:30";NA;"USÂ DOE Refinery Utilization";0,2;"0";0,6;NA;"Chart"
"85";"Wed, Jul 15, 2015";"10:30";NA;"USÂ DOE Distillate Inventories";3819;"1460";1641;NA;"Chart"
"86";"";"10:30";NA;"USÂ DOE Crude Oil Inventories";-4346;"-1900";384;NA;"Chart"
"87";"";"10:30";NA;"USÂ DOE Gasoline Inventories";58;"450";1215;NA;"Chart"
"88";"";"10:30";NA;"USÂ DOE Refinery Utilization";0,6;"0.1";-0,3;NA;"Chart"
"89";"Wed, Jul 08, 2015";"10:30";NA;"USÂ DOE Distillate Inventories";1641;"1000";392;NA;"Chart"
"90";"";"10:30";NA;"USÂ DOE Crude Oil Inventories";384;"0";2386;NA;"Chart"
"91";"";"10:30";NA;"USÂ DOE Gasoline Inventories";1215;"0";-1757;NA;"Chart"
"92";"";"10:30";NA;"USÂ DOE Refinery Utilization";-0,3;"0.2";1;NA;"Chart"
"93";"Wed, Jul 01, 2015";"10:30";NA;"USÂ DOE Distillate Inventories";392;"1500";1837;NA;"Chart"
"94";"";"10:30";NA;"USÂ DOE Crude Oil Inventories";2386;"-2500";-4934;NA;"Chart"
"95";"";"10:30";NA;"USÂ DOE Gasoline Inventories";-1757;"-250";680;NA;"Chart"
"96";"";"10:30";NA;"USÂ DOE Refinery Utilization";1;"0.38";0,9;NA;"Chart"
"97";"";"10:30";NA;"MXÂ PMI - Manufacturing";52;"~";53,3;NA;"Chart"
"98";"Wed, Jun 24, 2015";"10:30";NA;"USÂ DOE Distillate Inventories";1837;"700";114;NA;"Chart"
"99";"";"10:30";NA;"USÂ DOE Crude Oil Inventories";-4934;"-2000";-2676;NA;"Chart"
"100";"";"10:30";NA;"USÂ DOE Gasoline Inventories";680;"0";460;NA;"Chart"
"101";"";"10:30";NA;"USÂ DOE Refinery Utilization";0,9;"0.45";-1,5;NA;"Chart"
"102";"Wed, Jun 17, 2015";"10:30";NA;"USÂ DOE Distillate Inventories";114;"950";865;NA;"Chart"
"103";"";"10:30";NA;"USÂ DOE Crude Oil Inventories";-2676;"-1800";-6812;NA;"Chart"
"104";"";"10:30";NA;"USÂ DOE Gasoline Inventories";460;"-800";-2939;NA;"Chart"
"105";"";"10:30";NA;"USÂ DOE Refinery Utilization";-1,5;"0.5";1,4;NA;"Chart"
"106";"Wed, Jun 10, 2015";"10:30";NA;"USÂ DOE Distillate Inventories";865;"700";3773;NA;"Chart"
"107";"";"10:30";NA;"USÂ DOE Crude Oil Inventories";-6812;"-1500";-1948;NA;"Chart"
"108";"";"10:30";NA;"USÂ DOE Gasoline Inventories";-2939;"-400";-334;NA;"Chart"
"109";"";"10:30";NA;"USÂ DOE Refinery Utilization";1,4;"0.1";-0,4;NA;"Chart"
"110";"Wed, Jun 03, 2015";"10:30";NA;"USÂ DOE Distillate Inventories";3773;"1300";1115;NA;"Chart"
"111";"";"10:30";NA;"USÂ DOE Crude Oil Inventories";-1948;"-2500";-2802;NA;"Chart"
"112";"";"10:30";NA;"USÂ DOE Gasoline Inventories";-334;"500";-3309;NA;"Chart"
"113";"";"10:30";NA;"USÂ DOE Refinery Utilization";-0,4;"0.6";1,2;NA;"Chart"
"114";"Thu, May 28, 2015";"11:00";NA;"USÂ DOE Distillate Inventories";1115;"-400";-546;NA;"Chart"
"115";"";"11:00";NA;"USÂ DOE Crude Oil Inventories";-2802;"-2000";-2674;NA;"Chart"
"116";"";"11:00";NA;"USÂ DOE Gasoline Inventories";-3309;"-1300";-2774;NA;"Chart"
"117";"";"11:00";NA;"USÂ DOE Refinery Utilization";1,2;"0.3";1,2;NA;"Chart"
"118";"Wed, May 20, 2015";"10:30";NA;"USÂ DOE Distillate Inventories";-546;"400";-2503;NA;"Chart"
"119";"";"10:30";NA;"USÂ DOE Crude Oil Inventories";-2674;"-1750";-2191;NA;"Chart"
"120";"";"10:30";NA;"USÂ DOE Gasoline Inventories";-2774;"650";-1142;NA;"Chart"
"121";"";"10:30";NA;"USÂ DOE Refinery Utilization";92,4;"0.3";-1,8;NA;"Chart"
"122";"Wed, May 13, 2015";"10:30";NA;"USÂ DOE Distillate Inventories";-2503;"750";1503;NA;"Chart"
"123";"";"10:30";NA;"USÂ DOE Crude Oil Inventories";-2191;"-250";-3882;NA;"Chart"
"124";"";"10:30";NA;"USÂ DOE Gasoline Inventories";-1142;"250";401;NA;"Chart"
"125";"";"10:30";NA;"USÂ DOE Refinery Utilization";-1,8;"0.5";1,7;NA;"Chart"
"126";"Wed, May 06, 2015";"10:30";NA;"USÂ DOE Distillate Inventories";1503;"0";-66;NA;"Chart"
"127";"";"10:30";NA;"USÂ DOE Crude Oil Inventories";-3882;"1500";1910;NA;"Chart"
"128";"";"10:30";NA;"USÂ DOE Gasoline Inventories";401;"1000";1713;NA;"Chart"
"129";"";"10:30";NA;"USÂ DOE Refinery Utilization";1,7;"0.5";0,1;NA;"Chart"
"130";"Wed, Apr 29, 2015";"10:30";NA;"USÂ DOE Distillate Inventories";-66;"1000";395;NA;"Chart"
"131";"";"10:30";NA;"USÂ DOE Crude Oil Inventories";1910;"3300";5315;NA;"Chart"
"132";"";"10:30";NA;"USÂ DOE Gasoline Inventories";1713;"900";-2135;NA;"Chart"
"133";"";"10:30";NA;"USÂ DOE Refinery Utilization";0,1;"0.65";-1,1;NA;"Chart"
"134";"Wed, Apr 22, 2015";"10:30";NA;"USÂ DOE Distillate Inventories";395;"1100";2017;NA;"Chart"
"135";"";"10:30";NA;"USÂ DOE Crude Oil Inventories";5315;"3200";1294;NA;"Chart"
"136";"";"10:30";NA;"USÂ DOE Gasoline Inventories";-2135;"-1000";-2072;NA;"Chart"
"137";"";"10:30";NA;"USÂ DOE Refinery Utilization";-1,1;"0.5";2,2;NA;"Chart"
"138";"Wed, Apr 15, 2015";"10:30";NA;"USÂ DOE Distillate Inventories";2017;"700";-250;NA;"Chart"
"139";"";"10:30";NA;"USÂ DOE Crude Oil Inventories";1294;"3600";10949;NA;"Chart"
"140";"";"10:30";NA;"USÂ DOE Gasoline Inventories";-2072;"-750";817;NA;"Chart"
"141";"";"10:30";NA;"USÂ DOE Refinery Utilization";2,2;"0.5";0,7;NA;"Chart"
"142";"Wed, Apr 08, 2015";"10:30";NA;"USÂ DOE Distillate Inventories";-250;"850";1325;NA;"Chart"
"143";"";"10:30";NA;"USÂ DOE Crude Oil Inventories";10949;"3250";4766;NA;"Chart"
"144";"";"10:30";NA;"USÂ DOE Gasoline Inventories";817;"-2000";-4258;NA;"Chart"
"145";"";"10:30";NA;"USÂ DOE Refinery Utilization";0,7;"0.4";0,4;NA;"Chart"
"146";"Wed, Apr 01, 2015";"10:30";NA;"USÂ DOE Distillate Inventories";1325;"0";-34;NA;"Chart"
"147";"";"10:30";NA;"USÂ DOE Crude Oil Inventories";4766;"4200";8170;NA;"Chart"
"148";"";"10:30";NA;"USÂ DOE Gasoline Inventories";-4258;"-650";-2014;NA;"Chart"
"149";"";"10:30";NA;"USÂ DOE Refinery Utilization";0,4;"0.6";0,9;NA;"Chart"
"150";"Wed, Mar 25, 2015";"10:30";NA;"USÂ DOE Distillate Inventories";-34;"-1000";380;NA;"Chart"
"151";"";"10:30";NA;"USÂ DOE Crude Oil Inventories";8170;"4750";9622;NA;"Chart"
"152";"";"10:30";NA;"USÂ DOE Gasoline Inventories";-2014;"-2300";-4473;NA;"Chart"
"153";"";"10:30";NA;"USÂ DOE Refinery Utilization";0,9;"0.5";0,3;NA;"Chart"
"154";"Wed, Mar 18, 2015";"10:30";NA;"USÂ DOE Distillate Inventories";380;"-1500";2527;NA;"Chart"
"155";"";"10:30";NA;"USÂ DOE Crude Oil Inventories";9622;"4400";4512;NA;"Chart"
"156";"";"10:30";NA;"USÂ DOE Gasoline Inventories";-4473;"-900";-187;NA;"Chart"
"157";"";"10:30";NA;"USÂ DOE Refinery Utilization";0,3;"0.4";1,2;NA;"Chart"
"158";"Wed, Mar 11, 2015";"10:30";NA;"USÂ DOE Distillate Inventories";2527;"-2250";-1722;NA;"Chart"
"159";"";"10:30";NA;"USÂ DOE Crude Oil Inventories";4512;"4750";10303;NA;"Chart"
"160";"";"10:30";NA;"USÂ DOE Gasoline Inventories";-187;"-1750";46;NA;"Chart"
"161";"";"10:30";NA;"USÂ DOE Refinery Utilization";1,2;"-0.5";-0,8;NA;"Chart"
"162";"Wed, Mar 04, 2015";"10:30";NA;"USÂ DOE Distillate Inventories";-1722;"-2500";-2711;NA;"Chart"
"163";"";"10:30";NA;"USÂ DOE Crude Oil Inventories";10303;"3950";8427;NA;"Chart"
"164";"";"10:30";NA;"USÂ DOE Gasoline Inventories";46;"-2000";-3118;NA;"Chart"
"165";"";"10:30";NA;"USÂ DOE Refinery Utilization";-0,8;"-0.5";-1,3;NA;"Chart"
"166";"Wed, Feb 25, 2015";"10:30";NA;"USÂ DOE Distillate Inventories";-2711;"-3500";-3814;NA;"Chart"
"167";"";"10:30";NA;"USÂ DOE Crude Oil Inventories";8427;"4000";7716;NA;"Chart"
"168";"";"10:30";NA;"USÂ DOE Gasoline Inventories";-3118;"-2000";485;NA;"Chart"
"169";"";"10:30";NA;"USÂ DOE Refinery Utilization";-1,3;"-0.35";-1,3;NA;"Chart"
"170";"Thu, Feb 19, 2015";"11:00";NA;"USÂ DOE Distillate Inventories";-3814;"-2000";-3252;NA;"Chart"
"171";"";"11:00";NA;"USÂ DOE Crude Oil Inventories";7716;"3000";4868;NA;"Chart"
"172";"";"11:00";NA;"USÂ DOE Gasoline Inventories";485;"-650";1977;NA;"Chart"
"173";"";"11:00";NA;"USÂ DOE Refinery Utilization";-1,3;"-1";0,1;NA;"Chart"
"174";"Wed, Feb 11, 2015";"10:30";NA;"USÂ DOE Distillate Inventories";-3252;"-1250";1788;NA;"Chart"
"175";"";"10:30";NA;"USÂ DOE Crude Oil Inventories";4868;"3750";6333;NA;"Chart"
"176";"";"10:30";NA;"USÂ DOE Gasoline Inventories";1977;"200";2335;NA;"Chart"
"177";"";"10:30";NA;"USÂ DOE Refinery Utilization";0,1;"0";1,9;NA;"Chart"
"178";"Wed, Feb 04, 2015";"10:30";NA;"USÂ DOE Distillate Inventories";1788;"-1500";-3892;NA;"Chart"
"179";"";"10:30";NA;"USÂ DOE Crude Oil Inventories";6333;"3250";8874;NA;"Chart"
"180";"";"10:30";NA;"USÂ DOE Gasoline Inventories";2335;"-1150";-2587;NA;"Chart"
"181";"";"10:30";NA;"USÂ DOE Refinery Utilization";1,9;"-0.5";2,5;NA;"Chart"
"182";"Wed, Jan 28, 2015";"10:30";NA;"USÂ DOE Distillate Inventories";-3892;"-1500";-3272;NA;"Chart"
"183";"";"10:30";NA;"USÂ DOE Crude Oil Inventories";8874;"3850";10071;NA;"Chart"
"184";"";"10:30";NA;"USÂ DOE Gasoline Inventories";-2587;"500";588;NA;"Chart"
"185";"";"10:30";NA;"USÂ DOE Refinery Utilization";2,5;"0.2";-5,5;NA;"Chart"
"186";"Thu, Jan 22, 2015";"11:00";NA;"USÂ DOE Distillate Inventories";-3272;"500";2925;NA;"Chart"
"187";"";"11:00";NA;"USÂ DOE Crude Oil Inventories";10071;"2700";5389;NA;"Chart"
"188";"";"11:00";NA;"USÂ DOE Gasoline Inventories";588;"1500";3171;NA;"Chart"
"189";"";"11:00";NA;"USÂ DOE Refinery Utilization";-5,5;"-0.65";-2,9;NA;"Chart"
"190";"Wed, Jan 14, 2015";"10:30";NA;"USÂ DOE Distillate Inventories";2925;"2100";11205;NA;"Chart"
"191";"";"10:30";NA;"USÂ DOE Crude Oil Inventories";5389;"1750";-3062;NA;"Chart"
"192";"";"10:30";NA;"USÂ DOE Gasoline Inventories";3171;"3750";8115;NA;"Chart"
"193";"";"10:30";NA;"USÂ DOE Refinery Utilization";-2,9;"-0.25";-0,5;NA;"Chart"
"194";"Wed, Jan 07, 2015";"10:30";NA;"USÂ DOE Distillate Inventories";11205;"1750";1874;NA;"Chart"
"195";"";"10:30";NA;"USÂ DOE Crude Oil Inventories";-3062;"700";-1754;NA;"Chart"
"196";"";"10:30";NA;"USÂ DOE Gasoline Inventories";8115;"4500";2951;NA;"Chart"
"197";"";"10:30";NA;"USÂ DOE Refinery Utilization";-0,5;"0";0,9;NA;"Chart"
"198";"Wed, Dec 31, 2014";"10:30";NA;"USÂ DOE Distillate Inventories";1874;"2000";2303;NA;"Chart"
"199";"";"10:30";NA;"USÂ DOE Crude Oil Inventories";-1754;"900";7267;NA;"Chart"
"200";"";"10:30";NA;"USÂ DOE Gasoline Inventories";2951;"2000";4083;NA;"Chart"
"201";"";"10:30";NA;"USÂ DOE Refinery Utilization";0,9;"0";0;NA;"Chart"
"202";"Wed, Dec 24, 2014";"10:30";NA;"USÂ DOE Distillate Inventories";2303;"-1000";-207;NA;"Chart"
"203";"";"10:30";NA;"USÂ DOE Crude Oil Inventories";7267;"-2500";-847;NA;"Chart"
"204";"";"10:30";NA;"USÂ DOE Gasoline Inventories";4083;"1000";5250;NA;"Chart"
"205";"";"10:30";NA;"USÂ DOE Refinery Utilization";0;"0";-1,9;NA;"Chart"
"206";"Wed, Dec 17, 2014";"10:30";NA;"USÂ DOE Distillate Inventories";-207;"150";5577;NA;"Chart"
"207";"";"10:30";NA;"USÂ DOE Crude Oil Inventories";-847;"-2250";1454;NA;"Chart"
"208";"";"10:30";NA;"USÂ DOE Gasoline Inventories";5250;"1750";8197;NA;"Chart"
"209";"";"10:30";NA;"USÂ DOE Refinery Utilization";-1,9;"-0.13";2;NA;"Chart"
"210";"Wed, Dec 10, 2014";"10:30";NA;"USÂ DOE Distillate Inventories";5577;"1550";3028;NA;"Chart"
"211";"";"10:30";NA;"USÂ DOE Crude Oil Inventories";1454;"-2700";-3689;NA;"Chart"
"212";"";"10:30";NA;"USÂ DOE Gasoline Inventories";8197;"2550";2143;NA;"Chart"
"213";"";"10:30";NA;"USÂ DOE Refinery Utilization";2;"0.3";1,9;NA;"Chart"
"214";"Wed, Dec 03, 2014";"10:30";NA;"USÂ DOE Distillate Inventories";3028;"550";-1648;NA;"Chart"
"215";"";"10:30";NA;"USÂ DOE Crude Oil Inventories";-3689;"1750";1946;NA;"Chart"
"216";"";"10:30";NA;"USÂ DOE Gasoline Inventories";2143;"1500";1825;NA;"Chart"
"217";"";"10:30";NA;"USÂ DOE Refinery Utilization";1,9;"0.5";0,3;NA;"Chart"
"218";"Wed, Nov 26, 2014";"10:30";NA;"USÂ DOE Distillate Inventories";-1648;"-900";-2056;NA;"Chart"
"219";"";"10:30";NA;"USÂ DOE Crude Oil Inventories";1946;"250";2608;NA;"Chart"
"220";"";"10:30";NA;"USÂ DOE Gasoline Inventories";1825;"1500";1034;NA;"Chart"
"221";"";"10:30";NA;"USÂ DOE Refinery Utilization";0,3;"0.15";1,1;NA;"Chart"
"222";"Wed, Nov 19, 2014";"10:30";NA;"USÂ DOE Distillate Inventories";-2056;"-2000";-2803;NA;"Chart"
"223";"";"10:30";NA;"USÂ DOE Crude Oil Inventories";2608;"-1500";-1735;NA;"Chart"
"224";"";"10:30";NA;"USÂ DOE Gasoline Inventories";1034;"900";1805;NA;"Chart"
"225";"";"10:30";NA;"USÂ DOE Refinery Utilization";1,1;"0.5";1,7;NA;"Chart"
"226";"Thu, Nov 13, 2014";"11:00";NA;"USÂ DOE Distillate Inventories";-2803;"-1500";-724;NA;"Chart"
"227";"";"11:00";NA;"USÂ DOE Crude Oil Inventories";-1735;"1050";460;NA;"Chart"
"228";"";"11:00";NA;"USÂ DOE Gasoline Inventories";1805;"200";-1378;NA;"Chart"
"229";"";"11:00";NA;"USÂ DOE Refinery Utilization";1,7;"1";1,8;NA;"Chart"
"230";"Wed, Nov 05, 2014";"10:30";NA;"USÂ DOE Distillate Inventories";-724;"-2200";-5294;NA;"Chart"
"231";"";"10:30";NA;"USÂ DOE Crude Oil Inventories";460;"2350";2061;NA;"Chart"
"232";"";"10:30";NA;"USÂ DOE Gasoline Inventories";-1378;"-600";-1236;NA;"Chart"
"233";"";"10:30";NA;"USÂ DOE Refinery Utilization";1,8;"0.3";-0,1;NA;"Chart"
"234";"Wed, Oct 29, 2014";"10:30";NA;"USÂ DOE Distillate Inventories";-5294;"-1400";1049;NA;"Chart"
"235";"";"10:30";NA;"USÂ DOE Crude Oil Inventories";2061;"3650";7111;NA;"Chart"
"236";"";"10:30";NA;"USÂ DOE Gasoline Inventories";-1236;"-900";-1299;NA;"Chart"
"237";"";"10:30";NA;"USÂ DOE Refinery Utilization";-0,1;"0.25";-1,4;NA;"Chart"
"238";"Wed, Oct 22, 2014";"10:30";NA;"USÂ DOE Distillate Inventories";1049;"-1300";-1518;NA;"Chart"
"239";"";"10:30";NA;"USÂ DOE Crude Oil Inventories";7111;"3000";8923;NA;"Chart"
"240";"";"10:30";NA;"USÂ DOE Gasoline Inventories";-1299;"-1450";-3995;NA;"Chart"
"241";"";"10:30";NA;"USÂ DOE Refinery Utilization";-1,4;"0.03";-1,2;NA;"Chart"
"242";"Thu, Oct 16, 2014";"11:00";NA;"USÂ DOE Distillate Inventories";-1518;"-1800";439;NA;"Chart"
"243";"";"11:00";NA;"USÂ DOE Crude Oil Inventories";8923;"2450";5015;NA;"Chart"
"244";"";"11:00";NA;"USÂ DOE Gasoline Inventories";-3995;"-1700";1180;NA;"Chart"
"245";"";"11:00";NA;"USÂ DOE Refinery Utilization";-1,2;"-0.75";-0,5;NA;"Chart"
"246";"Wed, Oct 08, 2014";"10:30";NA;"USÂ DOE Distillate Inventories";439;"-1250";-2894;NA;"Chart"
"247";"";"10:30";NA;"USÂ DOE Crude Oil Inventories";5015;"2000";-1363;NA;"Chart"
"248";"";"10:30";NA;"USÂ DOE Gasoline Inventories";1180;"-500";-1836;NA;"Chart"
"249";"";"10:30";NA;"USÂ DOE Refinery Utilization";-0,5;"-0.8";-3,6;NA;"Chart"
"250";"Wed, Oct 01, 2014";"10:30";NA;"USÂ DOE Distillate Inventories";-2894;"0";823;NA;"Chart"
"251";"";"10:30";NA;"USÂ DOE Crude Oil Inventories";-1363;"1500";-4273;NA;"Chart"
"252";"";"10:30";NA;"USÂ DOE Gasoline Inventories";-1836;"-600";-414;NA;"Chart"
"253";"";"10:30";NA;"USÂ DOE Refinery Utilization";-3,6;"-0.55";0,4;NA;"Chart"
"254";"";"10:30";NA;"MXÂ PMI - Manufacturing";52,6;"~";52,1;NA;"Chart"
"255";"Wed, Sep 24, 2014";"10:30";NA;"USÂ DOE Distillate Inventories";823;"500";279;NA;"Chart"
"256";"";"10:30";NA;"USÂ DOE Crude Oil Inventories";-4273;"750";3673;NA;"Chart"
"257";"";"10:30";NA;"USÂ DOE Gasoline Inventories";-414;"0";-1635;NA;"Chart"
"258";"";"10:30";NA;"USÂ DOE Refinery Utilization";0,4;"-0.5";-0,9;NA;"Chart"
"259";"Wed, Sep 17, 2014";"10:30";NA;"USÂ DOE Distillate Inventories";279;"750";4094;NA;"Chart"
"260";"";"10:30";NA;"USÂ DOE Crude Oil Inventories";3673;"-1500";-972;NA;"Chart"
"261";"";"10:30";NA;"USÂ DOE Gasoline Inventories";-1635;"-125";2381;NA;"Chart"
"262";"";"10:30";NA;"USÂ DOE Refinery Utilization";-0,9;"-0.65";0,6;NA;"Chart"
"263";"Wed, Sep 10, 2014";"10:30";NA;"USÂ DOE Distillate Inventories";4093;"1000";605;NA;"Chart"
"264";"";"10:30";NA;"USÂ DOE Crude Oil Inventories";-972;"-1500";-905;NA;"Chart"
"265";"";"10:30";NA;"USÂ DOE Gasoline Inventories";2381;"0";-2322;NA;"Chart"
"266";"";"10:30";NA;"USÂ DOE Refinery Utilization";0,6;"-0.25";-0,2;NA;"Chart"
"267";"Thu, Sep 04, 2014";"11:00";NA;"USÂ DOE Distillate Inventories";605;"-1000";1252;NA;"Chart"
"268";"";"11:00";NA;"USÂ DOE Crude Oil Inventories";-905;"-1000";-2070;NA;"Chart"
"269";"";"11:00";NA;"USÂ DOE Gasoline Inventories";-2322;"-1400";-960;NA;"Chart"
"270";"";"11:00";NA;"USÂ DOE Refinery Utilization";-0,2;"-0.4";0,1;NA;"Chart"
"271";"Wed, Aug 27, 2014";"10:30";NA;"USÂ DOE Distillate Inventories";1252;"0";-960;NA;"Chart"
"272";"";"10:30";NA;"USÂ DOE Crude Oil Inventories";-2070;"-2500";-4474;NA;"Chart"
"273";"";"10:30";NA;"USÂ DOE Gasoline Inventories";-960;"-1600";585;NA;"Chart"
"274";"";"10:30";NA;"USÂ DOE Refinery Utilization";0,1;"-0.35";1,8;NA;"Chart"
"275";"Wed, Aug 20, 2014";"10:30";NA;"USÂ DOE Distillate Inventories";-960;"-300";-2421;NA;"Chart"
"276";"";"10:30";NA;"USÂ DOE Crude Oil Inventories";-4474;"-1750";1401;NA;"Chart"
"277";"";"10:30";NA;"USÂ DOE Gasoline Inventories";585;"-1550";-1160;NA;"Chart"
"278";"";"10:30";NA;"USÂ DOE Refinery Utilization";1,8;"-0.4";-0,8;NA;"Chart"
"279";"Wed, Aug 13, 2014";"10:30";NA;"USÂ DOE Distillate Inventories";-2421;"-50";-1798;NA;"Chart"
"280";"";"10:30";NA;"USÂ DOE Crude Oil Inventories";1401;"-2050";-1756;NA;"Chart"
"281";"";"10:30";NA;"USÂ DOE Gasoline Inventories";-1160;"-1500";-4387;NA;"Chart"
"282";"";"10:30";NA;"USÂ DOE Refinery Utilization";-0,8;"-0.5";-1,1;NA;"Chart"
"283";"Wed, Aug 06, 2014";"10:30";NA;"USÂ DOE Distillate Inventories";-1798;"850";789;NA;"Chart"
"284";"";"10:30";NA;"USÂ DOE Crude Oil Inventories";-1756;"-1550";-3697;NA;"Chart"
"285";"";"10:30";NA;"USÂ DOE Gasoline Inventories";-4387;"0";365;NA;"Chart"
"286";"";"10:30";NA;"USÂ DOE Refinery Utilization";-1,1;"-0.6";-0,3;NA;"Chart"
"287";"Wed, Jul 30, 2014";"10:30";NA;"USÂ DOE Distillate Inventories";789;"1500";1636;NA;"Chart"
"288";"";"10:30";NA;"USÂ DOE Crude Oil Inventories";-3697;"-1250";-3969;NA;"Chart"
"289";"";"10:30";NA;"USÂ DOE Gasoline Inventories";365;"1000";3379;NA;"Chart"
"290";"";"10:30";NA;"USÂ DOE Refinery Utilization";-0,3;"-0.2";0;NA;"Chart"
"291";"Wed, Jul 23, 2014";"10:30";NA;"USÂ DOE Distillate Inventories";1636;"2000";2528;NA;"Chart"
"292";"";"10:30";NA;"USÂ DOE Crude Oil Inventories";-3969;"-2900";-7525;NA;"Chart"
"293";"";"10:30";NA;"USÂ DOE Gasoline Inventories";3379;"1000";171;NA;"Chart"
"294";"";"10:30";NA;"USÂ DOE Refinery Utilization";0;"0.05";2,2;NA;"Chart"
"295";"Wed, Jul 16, 2014";"10:30";NA;"USÂ DOE Distillate Inventories";2528;"2000";227;NA;"Chart"
"296";"";"10:30";NA;"USÂ DOE Crude Oil Inventories";-7525;"-2750";-2370;NA;"Chart"
"297";"";"10:30";NA;"USÂ DOE Gasoline Inventories";171;"950";579;NA;"Chart"
"298";"";"10:30";NA;"USÂ DOE Refinery Utilization";2,2;"0";0,2;NA;"Chart"
"299";"Wed, Jul 09, 2014";"10:30";NA;"USÂ DOE Distillate Inventories";227;"1400";975;NA;"Chart"
"300";"";"10:30";NA;"USÂ DOE Crude Oil Inventories";-2370;"-2500";-3155;NA;"Chart"
"301";"";"10:30";NA;"USÂ DOE Gasoline Inventories";579;"-400";-1235;NA;"Chart"
"302";"";"10:30";NA;"USÂ DOE Refinery Utilization";0,2;"0.15";2,9;NA;"Chart"
"303";"Wed, Jul 02, 2014";"10:30";NA;"USÂ DOE Distillate Inventories";975;"950";1177;NA;"Chart"
"304";"";"10:30";NA;"USÂ DOE Crude Oil Inventories";-3155;"-2400";1742;NA;"Chart"
"305";"";"10:30";NA;"USÂ DOE Gasoline Inventories";-1235;"550";710;NA;"Chart"
"306";"";"10:30";NA;"USÂ DOE Refinery Utilization";2,9;"0.5";1,4;NA;"Chart"
"307";"Wed, Jun 25, 2014";"10:30";NA;"USÂ DOE Distillate Inventories";1177;"850";436;NA;"Chart"
"308";"";"10:30";NA;"USÂ DOE Crude Oil Inventories";1742;"-1700";-579;NA;"Chart"
"309";"";"10:30";NA;"USÂ DOE Gasoline Inventories";710;"1450";785;NA;"Chart"
"310";"";"10:30";NA;"USÂ DOE Refinery Utilization";1,4;"0.5";-0,8;NA;"Chart"
"311";"Wed, Jun 18, 2014";"10:30";NA;"USÂ DOE Distillate Inventories";436;"350";860;NA;"Chart"
"312";"";"10:30";NA;"USÂ DOE Crude Oil Inventories";-579;"-750";-2596;NA;"Chart"
"313";"";"10:30";NA;"USÂ DOE Gasoline Inventories";785;"-550";1697;NA;"Chart"
"314";"";"10:30";NA;"USÂ DOE Refinery Utilization";-0,8;"0.7";-2,9;NA;"Chart"
"315";"Wed, Jun 11, 2014";"10:30";NA;"USÂ DOE Distillate Inventories";860;"1000";2012;NA;"Chart"
"316";"";"10:30";NA;"USÂ DOE Crude Oil Inventories";-2596;"-2000";-3431;NA;"Chart"
"317";"";"10:30";NA;"USÂ DOE Gasoline Inventories";1697;"1000";210;NA;"Chart"
"318";"";"10:30";NA;"USÂ DOE Refinery Utilization";-2,9;"0.25";0,9;NA;"Chart"
"319";"Wed, Jun 04, 2014";"10:30";NA;"USÂ DOE Distillate Inventories";2012;"900";-196;NA;"Chart"
"320";"";"10:30";NA;"USÂ DOE Crude Oil Inventories";-3431;"-250";1657;NA;"Chart"
"321";"";"10:30";NA;"USÂ DOE Gasoline Inventories";210;"400";-1803;NA;"Chart"
"322";"";"10:30";NA;"USÂ DOE Refinery Utilization";0,9;"0.5";1,2;NA;"Chart"
"323";"Thu, May 29, 2014";"11:00";NA;"USÂ DOE Distillate Inventories";-196;"500";3399;NA;"Chart"
"324";"";"11:00";NA;"USÂ DOE Crude Oil Inventories";1657;"500";-7226;NA;"Chart"
"325";"";"11:00";NA;"USÂ DOE Gasoline Inventories";-1803;"0";970;NA;"Chart"
"326";"";"11:00";NA;"USÂ DOE Refinery Utilization";1,2;"0.5";-0,1;NA;"Chart"
"327";"Wed, May 21, 2014";"10:30";NA;"USÂ DOE Distillate Inventories";3399;"-500";-1124;NA;"Chart"
"328";"";"10:30";NA;"USÂ DOE Crude Oil Inventories";-7226;"0";947;NA;"Chart"
"329";"";"10:30";NA;"USÂ DOE Gasoline Inventories";970;"0";-772;NA;"Chart"
"330";"";"10:30";NA;"USÂ DOE Refinery Utilization";-0,1;"0.45";-1,4;NA;"Chart"
"331";"Wed, May 14, 2014";"10:30";NA;"USÂ DOE Distillate Inventories";-1124;"500";-447;NA;"Chart"
"332";"";"10:30";NA;"USÂ DOE Crude Oil Inventories";947;"0";-1781;NA;"Chart"
"333";"";"10:30";NA;"USÂ DOE Gasoline Inventories";-772;"300";1608;NA;"Chart"
"334";"";"10:30";NA;"USÂ DOE Refinery Utilization";-1,4;"0.5";-0,8;NA;"Chart"
"335";"Wed, May 07, 2014";"10:30";NA;"USÂ DOE Distillate Inventories";-447;"750";1936;NA;"Chart"
"336";"";"10:30";NA;"USÂ DOE Crude Oil Inventories";-1781;"1250";1698;NA;"Chart"
"337";"";"10:30";NA;"USÂ DOE Gasoline Inventories";1608;"500";1564;NA;"Chart"
"338";"";"10:30";NA;"USÂ DOE Refinery Utilization";-0,8;"0.5";0;NA;"Chart"
"339";"Wed, Apr 30, 2014";"10:30";NA;"USÂ DOE Distillate Inventories";1936;"500";597;NA;"Chart"
"340";"";"10:30";NA;"USÂ DOE Crude Oil Inventories";1698;"2200";3524;NA;"Chart"
"341";"";"10:30";NA;"USÂ DOE Gasoline Inventories";1564;"-900";-274;NA;"Chart"
"342";"";"10:30";NA;"USÂ DOE Refinery Utilization";0;"0.5";2,2;NA;"Chart"
"343";"Wed, Apr 23, 2014";"10:30";NA;"USÂ DOE Distillate Inventories";597;"-300";-1278;NA;"Chart"
"344";"";"10:30";NA;"USÂ DOE Crude Oil Inventories";3524;"3000";10013;NA;"Chart"
"345";"";"10:30";NA;"USÂ DOE Gasoline Inventories";-274;"-1650";-154;NA;"Chart"
"346";"";"10:30";NA;"USÂ DOE Refinery Utilization";2,2;"0.2";1,3;NA;"Chart"
"347";"Wed, Apr 16, 2014";"10:30";NA;"USÂ DOE Distillate Inventories";-1278;"0";239;NA;"Chart"
"348";"";"10:30";NA;"USÂ DOE Crude Oil Inventories";10013;"1750";4030;NA;"Chart"
"349";"";"10:30";NA;"USÂ DOE Gasoline Inventories";-154;"-1750";-5188;NA;"Chart"
"350";"";"10:30";NA;"USÂ DOE Refinery Utilization";1,3;"0";-0,2;NA;"Chart"
"351";"Wed, Apr 09, 2014";"10:30";NA;"USÂ DOE Distillate Inventories";239;"-250";554;NA;"Chart"
"352";"";"10:30";NA;"USÂ DOE Crude Oil Inventories";4030;"750";-2379;NA;"Chart"
"353";"";"10:30";NA;"USÂ DOE Gasoline Inventories";-5188;"-1000";-1574;NA;"Chart"
"354";"";"10:30";NA;"USÂ DOE Refinery Utilization";-0,2;"0.2";1,7;NA;"Chart"
"355";"Wed, Apr 02, 2014";"10:30";NA;"USÂ DOE Distillate Inventories";554;"0";1555;NA;"Chart"
"356";"";"10:30";NA;"USÂ DOE Crude Oil Inventories";-2379;"2500";6619;NA;"Chart"
"357";"";"10:30";NA;"USÂ DOE Gasoline Inventories";-1574;"-2000";-5101;NA;"Chart"
"358";"";"10:30";NA;"USÂ DOE Refinery Utilization";1,7;"0.35";0,4;NA;"Chart"
"359";"Wed, Mar 26, 2014";"10:30";NA;"USÂ DOE Distillate Inventories";1555;"-1380";-3097;NA;"Chart"
"360";"";"10:30";NA;"USÂ DOE Crude Oil Inventories";6619;"2500";5850;NA;"Chart"
"361";"";"10:30";NA;"USÂ DOE Gasoline Inventories";-5101;"-1500";-1467;NA;"Chart"
"362";"";"10:30";NA;"USÂ DOE Refinery Utilization";0,4;"0.55";-0,4;NA;"Chart"
"363";"Wed, Mar 19, 2014";"10:30";NA;"USÂ DOE Distillate Inventories";-3097;"-800";-533;NA;"Chart"
"364";"";"10:30";NA;"USÂ DOE Crude Oil Inventories";5850;"2750";6180;NA;"Chart"
"365";"";"10:30";NA;"USÂ DOE Gasoline Inventories";-1467;"-1550";-5230;NA;"Chart"
"366";"";"10:30";NA;"USÂ DOE Refinery Utilization";-0,4;"-0.5";-1,4;NA;"Chart"
"367";"Wed, Mar 12, 2014";"10:30";NA;"USÂ DOE Distillate Inventories";-533;"-450";1414;NA;"Chart"
"368";"";"10:30";NA;"USÂ DOE Crude Oil Inventories";6180;"2000";1429;NA;"Chart"
"369";"";"10:30";NA;"USÂ DOE Gasoline Inventories";-5230;"-2000";-1604;NA;"Chart"
"370";"";"10:30";NA;"USÂ DOE Refinery Utilization";-1,4;"0";-0,6;NA;"Chart"
"371";"Wed, Mar 05, 2014";"10:30";NA;"USÂ DOE Distillate Inventories";1414;"-1000";338;NA;"Chart"
"372";"";"10:30";NA;"USÂ DOE Crude Oil Inventories";1429;"1300";68;NA;"Chart"
"373";"";"10:30";NA;"USÂ DOE Gasoline Inventories";-1604;"-1000";-2807;NA;"Chart"
"374";"";"10:30";NA;"USÂ DOE Refinery Utilization";-0,6;"-0.3";1,2;NA;"Chart"
"375";"Wed, Feb 26, 2014";"10:30";NA;"USÂ DOE Distillate Inventories";338;"-1250";-339;NA;"Chart"
"376";"";"10:30";NA;"USÂ DOE Crude Oil Inventories";68;"1275";973;NA;"Chart"
"377";"";"10:30";NA;"USÂ DOE Gasoline Inventories";-2807;"-1000";309;NA;"Chart"
"378";"";"10:30";NA;"USÂ DOE Refinery Utilization";1,2;"0";-0,3;NA;"Chart"
"379";"Thu, Feb 20, 2014";"11:00";NA;"USÂ DOE Distillate Inventories";-339;"-2100";-731;NA;"Chart"
"380";"";"11:00";NA;"USÂ DOE Crude Oil Inventories";973;"2250";3267;NA;"Chart"
"381";"";"11:00";NA;"USÂ DOE Gasoline Inventories";309;"-850";-1853;NA;"Chart"
"382";"";"11:00";NA;"USÂ DOE Refinery Utilization";-0,3;"-0.5";1;NA;"Chart"
"383";"Wed, Feb 12, 2014";"10:30";NA;"USÂ DOE Distillate Inventories";-731;"-2125";-2360;NA;"Chart"
"384";"";"10:30";NA;"USÂ DOE Crude Oil Inventories";3267;"2600";440;NA;"Chart"
"385";"";"10:30";NA;"USÂ DOE Gasoline Inventories";-1853;"100";505;NA;"Chart"
"386";"";"10:30";NA;"USÂ DOE Refinery Utilization";1;"-0.5";-2,1;NA;"Chart"
"387";"Wed, Feb 05, 2014";"10:30";NA;"USÂ DOE Distillate Inventories";-2360;"-2500";-4584;NA;"Chart"
"388";"";"10:30";NA;"USÂ DOE Crude Oil Inventories";440;"2550";6421;NA;"Chart"
"389";"";"10:30";NA;"USÂ DOE Gasoline Inventories";505;"1150";-819;NA;"Chart"
"390";"";"10:30";NA;"USÂ DOE Refinery Utilization";-2,1;"-0.1";1,7;NA;"Chart"
"391";"Wed, Jan 29, 2014";"10:30";NA;"USÂ DOE Distillate Inventories";-4584;"-2550";-3212;NA;"Chart"
"392";"";"10:30";NA;"USÂ DOE Crude Oil Inventories";6421;"2250";990;NA;"Chart"
"393";"";"10:30";NA;"USÂ DOE Gasoline Inventories";-819;"1600";2123;NA;"Chart"
"394";"";"10:30";NA;"USÂ DOE Refinery Utilization";1,7;"0.85";-3,5;NA;"Chart"
"395";"Thu, Jan 23, 2014";"11:00";NA;"USÂ DOE Distillate Inventories";-3212;"-500";-1023;NA;"Chart"
"396";"";"11:00";NA;"USÂ DOE Crude Oil Inventories";990;"1150";-7658;NA;"Chart"
"397";"";"11:00";NA;"USÂ DOE Gasoline Inventories";2123;"1750";6183;NA;"Chart"
"398";"";"11:00";NA;"USÂ DOE Refinery Utilization";-3,5;"-0.5";-2,3;NA;"Chart"
"399";"Wed, Jan 15, 2014";"10:30";NA;"USÂ DOE Distillate Inventories";-1023;"1250";5826;NA;"Chart"
"400";"";"10:30";NA;"USÂ DOE Crude Oil Inventories";-7658;"-1300";-2675;NA;"Chart"
"401";"";"10:30";NA;"USÂ DOE Gasoline Inventories";6183;"2500";6243;NA;"Chart"
"402";"";"10:30";NA;"USÂ DOE Refinery Utilization";-2,3;"-0.4";-0,1;NA;"Chart"
"403";"Wed, Jan 08, 2014";"10:30";NA;"USÂ DOE Distillate Inventories";5826;"2250";5042;NA;"Chart"
"404";"";"10:30";NA;"USÂ DOE Crude Oil Inventories";-2675;"-2750";-7007;NA;"Chart"
"405";"";"10:30";NA;"USÂ DOE Gasoline Inventories";6243;"2500";844;NA;"Chart"
"406";"";"10:30";NA;"USÂ DOE Refinery Utilization";-0,1;"0.25";-0,3;NA;"Chart"
"407";"Fri, Jan 03, 2014";"11:00";NA;"USÂ DOE Distillate Inventories";5042;"750";-1850;NA;"Chart"
"408";"";"11:00";NA;"USÂ DOE Crude Oil Inventories";-7007;"-2825";-4731;NA;"Chart"
"409";"";"11:00";NA;"USÂ DOE Gasoline Inventories";844;"1375";-614;NA;"Chart"
"410";"";"11:00";NA;"USÂ DOE Refinery Utilization";-0,3;"0";1,2;NA;"Chart"
"411";"Fri, Dec 27, 2013";"11:00";NA;"USÂ DOE Distillate Inventories";-1850;"-1000";-2110;NA;"Chart"
"412";"";"11:00";NA;"USÂ DOE Crude Oil Inventories";-4731;"-2650";-2941;NA;"Chart"
"413";"";"11:00";NA;"USÂ DOE Gasoline Inventories";-614;"1100";1337;NA;"Chart"
"414";"";"11:00";NA;"USÂ DOE Refinery Utilization";1,2;"-0.1";-1,1;NA;"Chart"
"415";"Wed, Dec 18, 2013";"10:30";NA;"USÂ DOE Distillate Inventories";-2110;"0";4541;NA;"Chart"
"416";"";"10:30";NA;"USÂ DOE Crude Oil Inventories";-2941;"-3500";-10585;NA;"Chart"
"417";"";"10:30";NA;"USÂ DOE Gasoline Inventories";1337;"1500";6717;NA;"Chart"
"418";"";"10:30";NA;"USÂ DOE Refinery Utilization";-1,1;"0.1";0,2;NA;"Chart"
"419";"Wed, Dec 11, 2013";"10:30";NA;"USÂ DOE Distillate Inventories";4541;"1550";2649;NA;"Chart"
"420";"";"10:30";NA;"USÂ DOE Crude Oil Inventories";-10585;"-3000";-5585;NA;"Chart"
"421";"";"10:30";NA;"USÂ DOE Gasoline Inventories";6717;"2000";1828;NA;"Chart"
"422";"";"10:30";NA;"USÂ DOE Refinery Utilization";0,2;"0.5";3;NA;"Chart"
"423";"Wed, Dec 04, 2013";"10:30";NA;"USÂ DOE Distillate Inventories";2649;"-1500";-1666;NA;"Chart"
"424";"";"10:30";NA;"USÂ DOE Crude Oil Inventories";-5585;"-500";2953;NA;"Chart"
"425";"";"10:30";NA;"USÂ DOE Gasoline Inventories";1828;"1250";1751;NA;"Chart"
"426";"";"10:30";NA;"USÂ DOE Refinery Utilization";3;"0.6";0,8;NA;"Chart"
"427";"Wed, Nov 27, 2013";"10:30";NA;"USÂ DOE Distillate Inventories";-1666;"-1000";-4795;NA;"Chart"
"428";"";"10:30";NA;"USÂ DOE Crude Oil Inventories";2953;"750";375;NA;"Chart"
"429";"";"10:30";NA;"USÂ DOE Gasoline Inventories";1751;"500";-345;NA;"Chart"
"430";"";"10:30";NA;"USÂ DOE Refinery Utilization";0,8;"0.25";-0,1;NA;"Chart"
"431";"Wed, Nov 20, 2013";"10:30";NA;"USÂ DOE Distillate Inventories";-4795;"-280";-481;NA;"Chart"
"432";"";"10:30";NA;"USÂ DOE Crude Oil Inventories";375;"1000";2640;NA;"Chart"
"433";"";"10:30";NA;"USÂ DOE Gasoline Inventories";-345;"-300";-838;NA;"Chart"
"434";"";"10:30";NA;"USÂ DOE Refinery Utilization";-0,1;"0.5";1,9;NA;"Chart"
"435";"Thu, Nov 14, 2013";"11:00";NA;"USÂ DOE Distillate Inventories";-481;"-1000";-4899;NA;"Chart"
"436";"";"11:00";NA;"USÂ DOE Crude Oil Inventories";2640;"800";1577;NA;"Chart"
"437";"";"11:00";NA;"USÂ DOE Gasoline Inventories";-838;"-900";-3755;NA;"Chart"
"438";"";"11:00";NA;"USÂ DOE Refinery Utilization";1,9;"0.6";-0,5;NA;"Chart"
"439";"Wed, Nov 06, 2013";"10:30";NA;"USÂ DOE Distillate Inventories";-4899;"-1500";-3058;NA;"Chart"
"440";"";"10:30";NA;"USÂ DOE Crude Oil Inventories";1577;"2100";4087;NA;"Chart"
"441";"";"10:30";NA;"USÂ DOE Gasoline Inventories";-3755;"-400";-1713;NA;"Chart"
"442";"";"10:30";NA;"USÂ DOE Refinery Utilization";-0,5;"-0.23";1,4;NA;"Chart"
"443";"Wed, Oct 30, 2013";"10:30";NA;"USÂ DOE Distillate Inventories";-3058;"-1000";1537;NA;"Chart"
"444";"";"10:30";NA;"USÂ DOE Crude Oil Inventories";4087;"2400";5246;NA;"Chart"
"445";"";"10:30";NA;"USÂ DOE Gasoline Inventories";-1713;"-200";-1805;NA;"Chart"
"446";"";"10:30";NA;"USÂ DOE Refinery Utilization";1,4;"0";-0,3;NA;"Chart"
"447";"Wed, Oct 23, 2013";"10:30";NA;"USÂ DOE Distillate Inventories";1537;"-1800";-1801;NA;"Chart"
"448";"";"10:30";NA;"USÂ DOE Crude Oil Inventories";5246;"3000";3999;NA;"Chart"
"449";"";"10:30";NA;"USÂ DOE Gasoline Inventories";-1805;"-1000";-2570;NA;"Chart"
"450";"";"10:30";NA;"USÂ DOE Refinery Utilization";-0,3;"0.25";0,2;NA;"Chart"
"451";"Mon, Oct 21, 2013";"10:30";NA;"USÂ DOE Distillate Inventories";1537;"-1800";-1801;NA;"Chart"
"452";"";"10:30";NA;"USÂ DOE Crude Oil Inventories";5246;"3000";3999;NA;"Chart"
"453";"";"10:30";NA;"USÂ DOE Gasoline Inventories";-1805;"-1000";-2570;NA;"Chart"
"454";"";"10:30";NA;"USÂ DOE Refinery Utilization";-0,3;"0.25";0,2;NA;"Chart"
"455";"Wed, Oct 09, 2013";"10:30";NA;"USÂ DOE Distillate Inventories";-3141;"-1150";-1680;NA;"Chart"
"456";"";"10:30";NA;"USÂ DOE Crude Oil Inventories";6807;"1550";5472;NA;"Chart"
"457";"";"10:30";NA;"USÂ DOE Gasoline Inventories";149;"1050";3495;NA;"Chart"
"458";"";"10:30";NA;"USÂ DOE Refinery Utilization";-3;"-1";-1,3;NA;"Chart"
"459";"Wed, Oct 02, 2013";"10:30";NA;"USÂ DOE Distillate Inventories";-1680;"-1000";-234;NA;"Chart"
"460";"";"10:30";NA;"USÂ DOE Crude Oil Inventories";5472;"2500";2635;NA;"Chart"
"461";"";"10:30";NA;"USÂ DOE Gasoline Inventories";3495;"-700";217;NA;"Chart"
"462";"";"10:30";NA;"USÂ DOE Refinery Utilization";-1,3;"-0.95";-2,2;NA;"Chart"
"463";"Wed, Sep 25, 2013";"10:30";NA;"USÂ DOE Distillate Inventories";-234;"-925";-1079;NA;"Chart"
"464";"";"10:30";NA;"USÂ DOE Crude Oil Inventories";2635;"-1000";-4368;NA;"Chart"
"465";"";"10:30";NA;"USÂ DOE Gasoline Inventories";217;"-750";-1627;NA;"Chart"
"466";"";"10:30";NA;"USÂ DOE Refinery Utilization";-2,2;"-0.88";0;NA;"Chart"
"467";"Wed, Sep 18, 2013";"10:30";NA;"USÂ DOE Distillate Inventories";-1079;"500";2586;NA;"Chart"
"468";"";"10:30";NA;"USÂ DOE Crude Oil Inventories";-4368;"-1200";-219;NA;"Chart"
"469";"";"10:30";NA;"USÂ DOE Gasoline Inventories";-1627;"500";1658;NA;"Chart"
"470";"";"10:30";NA;"USÂ DOE Refinery Utilization";0;"-0.5";0,8;NA;"Chart"
"471";"Wed, Sep 11, 2013";"10:30";NA;"USÂ DOE Distillate Inventories";2586;"600";549;NA;"Chart"
"472";"";"10:30";NA;"USÂ DOE Crude Oil Inventories";-219;"-2100";-1836;NA;"Chart"
"473";"";"10:30";NA;"USÂ DOE Gasoline Inventories";1658;"-1000";-1827;NA;"Chart"
"474";"";"10:30";NA;"USÂ DOE Refinery Utilization";0,8;"-0.9";0,5;NA;"Chart"
"475";"Thu, Sep 05, 2013";"11:00";NA;"USÂ DOE Distillate Inventories";549;"600";-316;NA;"Chart"
"476";"";"11:00";NA;"USÂ DOE Crude Oil Inventories";-1836;"-2000";2986;NA;"Chart"
"477";"";"11:00";NA;"USÂ DOE Gasoline Inventories";-1827;"-700";-587;NA;"Chart"
"478";"";"11:00";NA;"USÂ DOE Refinery Utilization";0,5;"-0.5";0,2;NA;"Chart"
"479";"Wed, Aug 28, 2013";"10:30";NA;"USÂ DOE Distillate Inventories";-316;"550";871;NA;"Chart"
"480";"";"10:30";NA;"USÂ DOE Crude Oil Inventories";2986;"750";-1428;NA;"Chart"
"481";"";"10:30";NA;"USÂ DOE Gasoline Inventories";-587;"-1375";-4029;NA;"Chart"
"482";"";"10:30";NA;"USÂ DOE Refinery Utilization";0,2;"-0.25";1,6;NA;"Chart"
"483";"Wed, Aug 21, 2013";"10:30";NA;"USÂ DOE Distillate Inventories";871;"1000";2027;NA;"Chart"
"484";"";"10:30";NA;"USÂ DOE Crude Oil Inventories";-1428;"-1500";-2812;NA;"Chart"
"485";"";"10:30";NA;"USÂ DOE Gasoline Inventories";-4029;"-1500";-1169;NA;"Chart"
"486";"";"10:30";NA;"USÂ DOE Refinery Utilization";1,6;"-0.5";-1,5;NA;"Chart"
"487";"Wed, Aug 14, 2013";"10:30";NA;"USÂ DOE Distillate Inventories";2027;"1000";469;NA;"Chart"
"488";"";"10:30";NA;"USÂ DOE Crude Oil Inventories";-2812;"-1500";-1320;NA;"Chart"
"489";"";"10:30";NA;"USÂ DOE Gasoline Inventories";-1169;"-1600";135;NA;"Chart"
"490";"";"10:30";NA;"USÂ DOE Refinery Utilization";-1,5;"-0.2";-0,4;NA;"Chart"
"491";"Wed, Aug 07, 2013";"10:30";NA;"USÂ DOE Distillate Inventories";469;"0";-466;NA;"Chart"
"492";"";"10:30";NA;"USÂ DOE Crude Oil Inventories";-1320;"-1500";431;NA;"Chart"
"493";"";"10:30";NA;"USÂ DOE Gasoline Inventories";135;"-500";770;NA;"Chart"
"494";"";"10:30";NA;"USÂ DOE Refinery Utilization";-0,4;"-0.3";-1;NA;"Chart"
"495";"Wed, Jul 31, 2013";"10:30";NA;"USÂ DOE Distillate Inventories";-466;"450";-1227;NA;"Chart"
"496";"";"10:30";NA;"USÂ DOE Crude Oil Inventories";431;"-2450";-2825;NA;"Chart"
"497";"";"10:30";NA;"USÂ DOE Gasoline Inventories";770;"-1500";-1389;NA;"Chart"
"498";"";"10:30";NA;"USÂ DOE Refinery Utilization";-1;"-0.2";-0,5;NA;"Chart"
"499";"Wed, Jul 24, 2013";"10:30";NA;"USÂ DOE Distillate Inventories";-1227;"1850";3870;NA;"Chart"
"500";"";"10:30";NA;"USÂ DOE Crude Oil Inventories";-2825;"-2800";-6902;NA;"Chart"
"501";"";"10:30";NA;"USÂ DOE Gasoline Inventories";-1389;"1650";3055;NA;"Chart"
"502";"";"10:30";NA;"USÂ DOE Refinery Utilization";-0,5;"-0.3";0,4;NA;"Chart"
"503";"Wed, Jul 17, 2013";"10:30";NA;"USÂ DOE Distillate Inventories";3870;"1500";3038;NA;"Chart"
"504";"";"10:30";NA;"USÂ DOE Crude Oil Inventories";-6902;"-2000";-9874;NA;"Chart"
"505";"";"10:30";NA;"USÂ DOE Gasoline Inventories";3055;"-1500";-2634;NA;"Chart"
"506";"";"10:30";NA;"USÂ DOE Refinery Utilization";0,4;"-0.4";0,2;NA;"Chart"
"507";"Wed, Jul 10, 2013";"10:30";NA;"USÂ DOE Distillate Inventories";3038;"1000";-2418;NA;"Chart"
"508";"";"10:30";NA;"USÂ DOE Crude Oil Inventories";-9874;"-3200";-10347;NA;"Chart"
"509";"";"10:30";NA;"USÂ DOE Gasoline Inventories";-2634;"1000";-1719;NA;"Chart"
"510";"";"10:30";NA;"USÂ DOE Refinery Utilization";0,2;"0.2";2;NA;"Chart"
"511";"Wed, Jul 03, 2013";"10:30";NA;"USÂ DOE Distillate Inventories";-2418;"1000";1567;NA;"Chart"
"512";"";"10:30";NA;"USÂ DOE Crude Oil Inventories";-10347;"-2250";18;NA;"Chart"
"513";"";"10:30";NA;"USÂ DOE Gasoline Inventories";-1719;"700";3653;NA;"Chart"
"514";"";"10:30";NA;"USÂ DOE Refinery Utilization";2;"0.5";0,9;NA;"Chart"
"515";"Wed, Jun 26, 2013";"10:30";NA;"USÂ DOE Distillate Inventories";1567;"650";-489;NA;"Chart"
"516";"";"10:30";NA;"USÂ DOE Crude Oil Inventories";18;"-1750";313;NA;"Chart"
"517";"";"10:30";NA;"USÂ DOE Gasoline Inventories";3653;"875";183;NA;"Chart"
"518";"";"10:30";NA;"USÂ DOE Refinery Utilization";0,9;"0.25";1,8;NA;"Chart"
"519";"Wed, Jun 19, 2013";"10:30";NA;"USÂ DOE Distillate Inventories";-489;"925";-1163;NA;"Chart"
"520";"";"10:30";NA;"USÂ DOE Crude Oil Inventories";313;"-500";2523;NA;"Chart"
"521";"";"10:30";NA;"USÂ DOE Gasoline Inventories";183;"750";2748;NA;"Chart"
"522";"";"10:30";NA;"USÂ DOE Refinery Utilization";1,8;"0.5";-0,9;NA;"Chart"
"523";"Wed, Jun 12, 2013";"10:30";NA;"USÂ DOE Distillate Inventories";-1163;"1500";2611;NA;"Chart"
"524";"";"10:30";NA;"USÂ DOE Crude Oil Inventories";2523;"-1500";-6267;NA;"Chart"
"525";"";"10:30";NA;"USÂ DOE Gasoline Inventories";2748;"500";-366;NA;"Chart"
"526";"";"10:30";NA;"USÂ DOE Refinery Utilization";-0,9;"0.3";2;NA;"Chart"
"527";"Wed, Jun 05, 2013";"10:30";NA;"USÂ DOE Distillate Inventories";2611;"1400";1851;NA;"Chart"
"528";"";"10:30";NA;"USÂ DOE Crude Oil Inventories";-6267;"-800";3000;NA;"Chart"
"529";"";"10:30";NA;"USÂ DOE Gasoline Inventories";-366;"1000";-1514;NA;"Chart"
"530";"";"10:30";NA;"USÂ DOE Refinery Utilization";2;"0.6";-0,9;NA;"Chart"
"531";"Thu, May 30, 2013";"11:00";NA;"USÂ DOE Distillate Inventories";1851;"-450";-1052;NA;"Chart"
"532";"";"11:00";NA;"USÂ DOE Crude Oil Inventories";3000;"-500";-338;NA;"Chart"
"533";"";"11:00";NA;"USÂ DOE Gasoline Inventories";-1514;"-500";3015;NA;"Chart"
"534";"";"11:00";NA;"USÂ DOE Refinery Utilization";-0,9;"0.3";-0,7;NA;"Chart"
"535";"Wed, May 22, 2013";"10:30";NA;"USÂ DOE Distillate Inventories";-1052;"1000";2300;NA;"Chart"
"536";"";"10:30";NA;"USÂ DOE Crude Oil Inventories";-338;"-1000";-624;NA;"Chart"
"537";"";"10:30";NA;"USÂ DOE Gasoline Inventories";3015;"-300";2588;NA;"Chart"
"538";"";"10:30";NA;"USÂ DOE Refinery Utilization";-0,7;"0.5";1;NA;"Chart"
"539";"Wed, May 15, 2013";"10:30";NA;"USÂ DOE Distillate Inventories";2300;"475";1812;NA;"Chart"
"540";"";"10:30";NA;"USÂ DOE Crude Oil Inventories";-624;"450";230;NA;"Chart"
"541";"";"10:30";NA;"USÂ DOE Gasoline Inventories";2588;"-1100";-910;NA;"Chart"
"542";"";"10:30";NA;"USÂ DOE Refinery Utilization";1;"0.5";2,6;NA;"Chart"
"543";"Wed, May 08, 2013";"10:30";NA;"USÂ DOE Distillate Inventories";1812;"500";474;NA;"Chart"
"544";"";"10:30";NA;"USÂ DOE Crude Oil Inventories";230;"2000";6696;NA;"Chart"
"545";"";"10:30";NA;"USÂ DOE Gasoline Inventories";-910;"-475";-1818;NA;"Chart"
"546";"";"10:30";NA;"USÂ DOE Refinery Utilization";2,6;"0.5";0,9;NA;"Chart"
"547";"Wed, May 01, 2013";"10:30";NA;"USÂ DOE Distillate Inventories";474;"250";97;NA;"Chart"
"548";"";"10:30";NA;"USÂ DOE Crude Oil Inventories";6696;"1100";947;NA;"Chart"
"549";"";"10:30";NA;"USÂ DOE Gasoline Inventories";-1818;"-900";-3928;NA;"Chart"
"550";"";"10:30";NA;"USÂ DOE Refinery Utilization";0,9;"0.68";-2,8;NA;"Chart"
"551";"Wed, Apr 24, 2013";"10:30";NA;"USÂ DOE Distillate Inventories";97;"500";2364;NA;"Chart"
"552";"";"10:30";NA;"USÂ DOE Crude Oil Inventories";947;"2000";-1233;NA;"Chart"
"553";"";"10:30";NA;"USÂ DOE Gasoline Inventories";-3928;"-600";-633;NA;"Chart"
"554";"";"10:30";NA;"USÂ DOE Refinery Utilization";-2,8;"0.5";-0,5;NA;"Chart"
"555";"Wed, Apr 17, 2013";"10:30";NA;"USÂ DOE Distillate Inventories";2364;"-350";-169;NA;"Chart"
"556";"";"10:30";NA;"USÂ DOE Crude Oil Inventories";-1233;"1200";250;NA;"Chart"
"557";"";"10:30";NA;"USÂ DOE Gasoline Inventories";-633;"-800";1699;NA;"Chart"
"558";"";"10:30";NA;"USÂ DOE Refinery Utilization";-0,5;"0";0,5;NA;"Chart"
"559";"Wed, Apr 10, 2013";"10:30";NA;"USÂ DOE Distillate Inventories";-169;"-1500";-2266;NA;"Chart"
"560";"";"10:30";NA;"USÂ DOE Crude Oil Inventories";250;"1500";2707;NA;"Chart"
"561";"";"10:30";NA;"USÂ DOE Gasoline Inventories";1699;"-1500";-572;NA;"Chart"
"562";"";"10:30";NA;"USÂ DOE Refinery Utilization";0,5;"0.2";0,6;NA;"Chart"
"563";"Wed, Apr 03, 2013";"10:30";NA;"USÂ DOE Distillate Inventories";-2266;"-1100";-4513;NA;"Chart"
"564";"";"10:30";NA;"USÂ DOE Crude Oil Inventories";2707;"2050";3256;NA;"Chart"
"565";"";"10:30";NA;"USÂ DOE Gasoline Inventories";-572;"-1000";-1596;NA;"Chart"
"566";"";"10:30";NA;"USÂ DOE Refinery Utilization";0,6;"0.3";2,2;NA;"Chart"
"567";"Wed, Mar 27, 2013";"10:30";NA;"USÂ DOE Distillate Inventories";-4513;"-850";-672;NA;"Chart"
"568";"";"10:30";NA;"USÂ DOE Crude Oil Inventories";3256;"1325";-1314;NA;"Chart"
"569";"";"10:30";NA;"USÂ DOE Gasoline Inventories";-1596;"-1000";-1476;NA;"Chart"
"570";"";"10:30";NA;"USÂ DOE Refinery Utilization";2,2;"0.45";2,5;NA;"Chart"
"571";"Wed, Mar 20, 2013";"10:30";NA;"USÂ DOE Distillate Inventories";-672;"-1000";83;NA;"Chart"
"572";"";"10:30";NA;"USÂ DOE Crude Oil Inventories";-1314;"2000";2624;NA;"Chart"
"573";"";"10:30";NA;"USÂ DOE Gasoline Inventories";-1476;"-2000";-3571;NA;"Chart"
"574";"";"10:30";NA;"USÂ DOE Refinery Utilization";2,5;"0";-1,2;NA;"Chart"
"575";"Wed, Mar 13, 2013";"10:30";NA;"USÂ DOE Distillate Inventories";83;"-2000";-3830;NA;"Chart"
"576";"";"10:30";NA;"USÂ DOE Crude Oil Inventories";2624;"2300";3833;NA;"Chart"
"577";"";"10:30";NA;"USÂ DOE Gasoline Inventories";-3571;"-1200";-616;NA;"Chart"
"578";"";"10:30";NA;"USÂ DOE Refinery Utilization";-1,2;"0";-2,9;NA;"Chart"
"579";"Wed, Mar 06, 2013";"10:30";NA;"USÂ DOE Distillate Inventories";-3830;"-1000";557;NA;"Chart"
"580";"";"10:30";NA;"USÂ DOE Crude Oil Inventories";3833;"788";1130;NA;"Chart"
"581";"";"10:30";NA;"USÂ DOE Gasoline Inventories";-616;"-1000";-1857;NA;"Chart"
"582";"";"10:30";NA;"USÂ DOE Refinery Utilization";-2,9;"0.4";2,2;NA;"Chart"
"583";"Wed, Feb 27, 2013";"10:30";NA;"USÂ DOE Distillate Inventories";557;"-1550";-2277;NA;"Chart"
"584";"";"10:30";NA;"USÂ DOE Crude Oil Inventories";1130;"2500";4143;NA;"Chart"
"585";"";"10:30";NA;"USÂ DOE Gasoline Inventories";-1857;"-1000";-2884;NA;"Chart"
"586";"";"10:30";NA;"USÂ DOE Refinery Utilization";2,2;"0.2";-0,9;NA;"Chart"
"587";"Thu, Feb 21, 2013";"11:00";NA;"USÂ DOE Distillate Inventories";-2277;"-1800";-3677;NA;"Chart"
"588";"";"11:00";NA;"USÂ DOE Crude Oil Inventories";4143;"2000";560;NA;"Chart"
"589";"";"11:00";NA;"USÂ DOE Gasoline Inventories";-2884;"-900";-803;NA;"Chart"
"590";"";"11:00";NA;"USÂ DOE Refinery Utilization";-0,9;"-0.4";-0,4;NA;"Chart"
"591";"Wed, Feb 13, 2013";"10:30";NA;"USÂ DOE Distillate Inventories";-3677;"-1750";-1042;NA;"Chart"
"592";"";"10:30";NA;"USÂ DOE Crude Oil Inventories";560;"2200";2623;NA;"Chart"
"593";"";"10:30";NA;"USÂ DOE Gasoline Inventories";-803;"500";1738;NA;"Chart"
"594";"";"10:30";NA;"USÂ DOE Refinery Utilization";-0,4;"0";-0,8;NA;"Chart"
"595";"Wed, Feb 06, 2013";"10:30";NA;"USÂ DOE Distillate Inventories";-1042;"-625";-2315;NA;"Chart"
"596";"";"10:30";NA;"USÂ DOE Crude Oil Inventories";2623;"2650";5947;NA;"Chart"
"597";"";"10:30";NA;"USÂ DOE Gasoline Inventories";1738;"900";-956;NA;"Chart"
"598";"";"10:30";NA;"USÂ DOE Refinery Utilization";-0,8;"-0.4";1,4;NA;"Chart"
"599";"Wed, Jan 30, 2013";"10:30";NA;"USÂ DOE Distillate Inventories";-2315;"-500";508;NA;"Chart"
"600";"";"10:30";NA;"USÂ DOE Crude Oil Inventories";5947;"2500";2813;NA;"Chart"
"601";"";"10:30";NA;"USÂ DOE Gasoline Inventories";-956;"1000";-1738;NA;"Chart"
"602";"";"10:30";NA;"USÂ DOE Refinery Utilization";1,4;"-0.35";-4,3;NA;"Chart"
"603";"Thu, Jan 24, 2013";"11:00";NA;"USÂ DOE Distillate Inventories";508;"0";1686;NA;"Chart"
"604";"";"11:00";NA;"USÂ DOE Crude Oil Inventories";2813;"2150";-951;NA;"Chart"
"605";"";"11:00";NA;"USÂ DOE Gasoline Inventories";-1738;"1250";1910;NA;"Chart"
"606";"";"11:00";NA;"USÂ DOE Refinery Utilization";-4,3;"-0.6";-1,2;NA;"Chart"
"607";"Wed, Jan 16, 2013";"10:30";NA;"USÂ DOE Distillate Inventories";1686;"1500";6777;NA;"Chart"
"608";"";"10:30";NA;"USÂ DOE Crude Oil Inventories";-951;"2200";1314;NA;"Chart"
"609";"";"10:30";NA;"USÂ DOE Gasoline Inventories";1910;"2700";7412;NA;"Chart"
"610";"";"10:30";NA;"USÂ DOE Refinery Utilization";-1,2;"-0.75";-1,3;NA;"Chart"
"611";"Wed, Jan 09, 2013";"10:30";NA;"USÂ DOE Distillate Inventories";6777;"1900";4574;NA;"Chart"
"612";"";"10:30";NA;"USÂ DOE Crude Oil Inventories";1314;"2000";-11120;NA;"Chart"
"613";"";"10:30";NA;"USÂ DOE Gasoline Inventories";7412;"2500";2569;NA;"Chart"
"614";"";"10:30";NA;"USÂ DOE Refinery Utilization";-1,3;"0.25";0,1;NA;"Chart"
"615";"Fri, Jan 04, 2013";"11:00";NA;"USÂ DOE Distillate Inventories";4574;"1250";2423;NA;"Chart"
"616";"";"11:00";NA;"USÂ DOE Crude Oil Inventories";-11120;"-1000";-586;NA;"Chart"
"617";"";"11:00";NA;"USÂ DOE Gasoline Inventories";2569;"2200";3782;NA;"Chart"
"618";"";"11:00";NA;"USÂ DOE Refinery Utilization";0,1;"0.5";-1,2;NA;"Chart"
"619";"Fri, Dec 28, 2012";"11:00";NA;"USÂ DOE Distillate Inventories";2423;"-850";-1085;NA;"Chart"
"620";"";"11:00";NA;"USÂ DOE Crude Oil Inventories";-586;"-1750";-964;NA;"Chart"
"621";"";"11:00";NA;"USÂ DOE Gasoline Inventories";3782;"850";2207;NA;"Chart"
"622";"";"11:00";NA;"USÂ DOE Refinery Utilization";-1,2;"-0.2";1,1;NA;"Chart"
"623";"Wed, Dec 19, 2012";"10:30";NA;"USÂ DOE Distillate Inventories";-1085;"1000";2986;NA;"Chart"
"624";"";"10:30";NA;"USÂ DOE Crude Oil Inventories";-964;"-1750";843;NA;"Chart"
"625";"";"10:30";NA;"USÂ DOE Gasoline Inventories";2207;"2000";5000;NA;"Chart"
"626";"";"10:30";NA;"USÂ DOE Refinery Utilization";1,1;"0";-0,2;NA;"Chart"
"627";"Wed, Dec 12, 2012";"10:30";NA;"USÂ DOE Distillate Inventories";2986;"1100";3027;NA;"Chart"
"628";"";"10:30";NA;"USÂ DOE Crude Oil Inventories";843;"-2500";-2357;NA;"Chart"
"629";"";"10:30";NA;"USÂ DOE Gasoline Inventories";5000;"2000";7860;NA;"Chart"
"630";"";"10:30";NA;"USÂ DOE Refinery Utilization";-0,2;"0";2;NA;"Chart"
"631";"Wed, Dec 05, 2012";"10:30";NA;"USÂ DOE Distillate Inventories";3027;"850";-800;NA;"Chart"
"632";"";"10:30";NA;"USÂ DOE Crude Oil Inventories";-2357;"-500";-347;NA;"Chart"
"633";"";"10:30";NA;"USÂ DOE Gasoline Inventories";7860;"1550";3865;NA;"Chart"
"634";"";"10:30";NA;"USÂ DOE Refinery Utilization";2;"0.5";1,1;NA;"Chart"
"635";"Wed, Nov 28, 2012";"10:30";NA;"USÂ DOE Distillate Inventories";-800;"500";-2675;NA;"Chart"
"636";"";"10:30";NA;"USÂ DOE Crude Oil Inventories";-347;"350";-1466;NA;"Chart"
"637";"";"10:30";NA;"USÂ DOE Gasoline Inventories";3865;"900";-1547;NA;"Chart"
"638";"";"10:30";NA;"USÂ DOE Refinery Utilization";1,1;"0.5";1,5;NA;"Chart"
"639";"Wed, Nov 21, 2012";"10:30";NA;"USÂ DOE Distillate Inventories";-2675;"-1000";-2539;NA;"Chart"
"640";"";"10:30";NA;"USÂ DOE Crude Oil Inventories";-1466;"1000";1089;NA;"Chart"
"641";"";"10:30";NA;"USÂ DOE Gasoline Inventories";-1547;"1000";-440;NA;"Chart"
"642";"";"10:30";NA;"USÂ DOE Refinery Utilization";1,5;"0.5";0,6;NA;"Chart"
"643";"Thu, Nov 15, 2012";"11:00";NA;"USÂ DOE Distillate Inventories";-2539;"-950";131;NA;"Chart"
"644";"";"11:00";NA;"USÂ DOE Crude Oil Inventories";1089;"2650";1766;NA;"Chart"
"645";"";"11:00";NA;"USÂ DOE Gasoline Inventories";-440;"-1000";2875;NA;"Chart"
"646";"";"11:00";NA;"USÂ DOE Refinery Utilization";0,6;"0.5";-2,3;NA;"Chart"
"647";"Wed, Nov 07, 2012";"10:30";NA;"USÂ DOE Distillate Inventories";131;"-1250";-93;NA;"Chart"
"648";"";"10:30";NA;"USÂ DOE Crude Oil Inventories";1766;"2000";-2045;NA;"Chart"
"649";"";"10:30";NA;"USÂ DOE Gasoline Inventories";2875;"-1500";935;NA;"Chart"
"650";"";"10:30";NA;"USÂ DOE Refinery Utilization";-2,3;"-1.5";0,5;NA;"Chart"
"651";"Thu, Nov 01, 2012";"11:00";NA;"USÂ DOE Distillate Inventories";-93;"-1400";-646;NA;"Chart"
"652";"";"11:00";NA;"USÂ DOE Crude Oil Inventories";-2045;"1800";5896;NA;"Chart"
"653";"";"11:00";NA;"USÂ DOE Gasoline Inventories";935;"850";1439;NA;"Chart"
"654";"";"11:00";NA;"USÂ DOE Refinery Utilization";0,5;"0.13";-0,2;NA;"Chart"
"655";"Wed, Oct 24, 2012";"10:30";NA;"USÂ DOE Distillate Inventories";-646;"-1200";-2218;NA;"Chart"
"656";"";"10:30";NA;"USÂ DOE Crude Oil Inventories";5896;"1800";2860;NA;"Chart"
"657";"";"10:30";NA;"USÂ DOE Gasoline Inventories";1439;"500";1720;NA;"Chart"
"658";"";"10:30";NA;"USÂ DOE Refinery Utilization";-0,2;"0.5";0,7;NA;"Chart"
"659";"Wed, Oct 17, 2012";"10:30";NA;"USÂ DOE Distillate Inventories";-2218;"-1500";-3177;NA;"Chart"
"660";"";"10:30";NA;"USÂ DOE Crude Oil Inventories";2860;"1500";1672;NA;"Chart"
"661";"";"10:30";NA;"USÂ DOE Gasoline Inventories";1720;"500";-534;NA;"Chart"
"662";"";"10:30";NA;"USÂ DOE Refinery Utilization";0,7;"0.25";-1,5;NA;"Chart"
"663";"Thu, Oct 11, 2012";"11:00";NA;"USÂ DOE Distillate Inventories";-3177;"-1000";-3689;NA;"Chart"
"664";"";"11:00";NA;"USÂ DOE Crude Oil Inventories";1672;"1500";-482;NA;"Chart"
"665";"";"11:00";NA;"USÂ DOE Gasoline Inventories";-534;"250";114;NA;"Chart"
"666";"";"11:00";NA;"USÂ DOE Refinery Utilization";-1,5;"0";0,8;NA;"Chart"
"667";"Wed, Oct 03, 2012";"10:30";NA;"USÂ DOE Distillate Inventories";-3689;"-400";-482;NA;"Chart"
"668";"";"10:30";NA;"USÂ DOE Crude Oil Inventories";-482;"1500";-2446;NA;"Chart"
"669";"";"10:30";NA;"USÂ DOE Gasoline Inventories";114;"-500";-481;NA;"Chart"
"670";"";"10:30";NA;"USÂ DOE Refinery Utilization";0,8;"0.1";-1,5;NA;"Chart"
"671";"Wed, Sep 26, 2012";"10:30";NA;"USÂ DOE Distillate Inventories";-482;"500";-322;NA;"Chart"
"672";"";"10:30";NA;"USÂ DOE Crude Oil Inventories";-2446;"1900";8534;NA;"Chart"
"673";"";"10:30";NA;"USÂ DOE Gasoline Inventories";-481;"500";-1407;NA;"Chart"
"674";"";"10:30";NA;"USÂ DOE Refinery Utilization";-1,5;"0.25";4,2;NA;"Chart"
"675";"Wed, Sep 19, 2012";"10:30";NA;"USÂ DOE Distillate Inventories";-322;"1000";1476;NA;"Chart"
"676";"";"10:30";NA;"USÂ DOE Crude Oil Inventories";8534;"1000";1994;NA;"Chart"
"677";"";"10:30";NA;"USÂ DOE Gasoline Inventories";-1407;"1000";-1177;NA;"Chart"
"678";"";"10:30";NA;"USÂ DOE Refinery Utilization";4,2;"1";-1,4;NA;"Chart"
"679";"Wed, Sep 12, 2012";"10:30";NA;"USÂ DOE Distillate Inventories";1476;"-500";993;NA;"Chart"
"680";"";"10:30";NA;"USÂ DOE Crude Oil Inventories";1994;"-2900";-7426;NA;"Chart"
"681";"";"10:30";NA;"USÂ DOE Gasoline Inventories";-1177;"-1700";-2334;NA;"Chart"
"682";"";"10:30";NA;"USÂ DOE Refinery Utilization";-1,4;"1";-5,1;NA;"Chart"
"683";"Thu, Sep 06, 2012";"11:00";NA;"USÂ DOE Distillate Inventories";993;"-1550";873;NA;"Chart"
"684";"";"11:00";NA;"USÂ DOE Crude Oil Inventories";-7426;"-4950";3778;NA;"Chart"
"685";"";"11:00";NA;"USÂ DOE Gasoline Inventories";-2334;"-3000";-1509;NA;"Chart"
"686";"";"11:00";NA;"USÂ DOE Refinery Utilization";-5,1;"-1.5";0;NA;"Chart"
"687";"Wed, Aug 29, 2012";"10:30";NA;"USÂ DOE Distillate Inventories";873;"200";992;NA;"Chart"
"688";"";"10:30";NA;"USÂ DOE Crude Oil Inventories";3778;"-1750";-5412;NA;"Chart"
"689";"";"10:30";NA;"USÂ DOE Gasoline Inventories";-1509;"-1450";-962;NA;"Chart"
"690";"";"10:30";NA;"USÂ DOE Refinery Utilization";0;"-0.3";-1,4;NA;"Chart"
"691";"Wed, Aug 22, 2012";"10:30";NA;"USÂ DOE Distillate Inventories";992;"1000";677;NA;"Chart"
"692";"";"10:30";NA;"USÂ DOE Crude Oil Inventories";-5412;"-250";-3699;NA;"Chart"
"693";"";"10:30";NA;"USÂ DOE Gasoline Inventories";-962;"-1350";-2371;NA;"Chart"
"694";"";"10:30";NA;"USÂ DOE Refinery Utilization";-1,4;"-0.3";0;NA;"Chart"
"695";"Wed, Aug 15, 2012";"10:30";NA;"USÂ DOE Distillate Inventories";677;"-275";-724;NA;"Chart"
"696";"";"10:30";NA;"USÂ DOE Crude Oil Inventories";-3699;"-1500";-3729;NA;"Chart"
"697";"";"10:30";NA;"USÂ DOE Gasoline Inventories";-2371;"-2000";-1801;NA;"Chart"
"698";"";"10:30";NA;"USÂ DOE Refinery Utilization";0;"-0.6";0,4;NA;"Chart"
"699";"Wed, Aug 08, 2012";"10:30";NA;"USÂ DOE Distillate Inventories";-724;"250";-974;NA;"Chart"
"700";"";"10:30";NA;"USÂ DOE Crude Oil Inventories";-3729;"-1550";-6522;NA;"Chart"
"701";"";"10:30";NA;"USÂ DOE Gasoline Inventories";-1801;"-1750";-2174;NA;"Chart"
"702";"";"10:30";NA;"USÂ DOE Refinery Utilization";0,4;"-0.5";-0,8;NA;"Chart"
"703";"Wed, Aug 01, 2012";"10:30";NA;"USÂ DOE Distillate Inventories";-974;"1100";1708;NA;"Chart"
"704";"";"10:30";NA;"USÂ DOE Crude Oil Inventories";-6522;"-1000";2717;NA;"Chart"
"705";"";"10:30";NA;"USÂ DOE Gasoline Inventories";-2174;"800";4134;NA;"Chart"
"706";"";"10:30";NA;"USÂ DOE Refinery Utilization";-0,8;"-0.5";1;NA;"Chart"
"707";"Wed, Jul 25, 2012";"10:30";NA;"USÂ DOE Distillate Inventories";1708;"1400";2619;NA;"Chart"
"708";"";"10:30";NA;"USÂ DOE Crude Oil Inventories";2717;"-1000";-809;NA;"Chart"
"709";"";"10:30";NA;"USÂ DOE Gasoline Inventories";4134;"-1000";-1815;NA;"Chart"
"710";"";"10:30";NA;"USÂ DOE Refinery Utilization";1;"-0.1";-0,7;NA;"Chart"
"711";"Wed, Jul 18, 2012";"10:30";NA;"USÂ DOE Distillate Inventories";2619;"1300";3112;NA;"Chart"
"712";"";"10:30";NA;"USÂ DOE Crude Oil Inventories";-809;"-1300";-4696;NA;"Chart"
"713";"";"10:30";NA;"USÂ DOE Gasoline Inventories";-1815;"1200";2752;NA;"Chart"
"714";"";"10:30";NA;"USÂ DOE Refinery Utilization";-0,7;"0.3";0,7;NA;"Chart"
"715";"Wed, Jul 11, 2012";"10:30";NA;"USÂ DOE Distillate Inventories";3112;"625";-1051;NA;"Chart"
"716";"";"10:30";NA;"USÂ DOE Crude Oil Inventories";-4696;"-1375";-4270;NA;"Chart"
"717";"";"10:30";NA;"USÂ DOE Gasoline Inventories";2752;"500";151;NA;"Chart"
"718";"";"10:30";NA;"USÂ DOE Refinery Utilization";0,7;"0.2";-0,6;NA;"Chart"
"719";"Thu, Jul 05, 2012";"11:00";NA;"USÂ DOE Distillate Inventories";-1051;"1000";-2279;NA;"Chart"
"720";"";"11:00";NA;"USÂ DOE Crude Oil Inventories";-4270;"-2300";-133;NA;"Chart"
"721";"";"11:00";NA;"USÂ DOE Gasoline Inventories";151;"1000";2078;NA;"Chart"
"722";"";"11:00";NA;"USÂ DOE Refinery Utilization";-0,6;"0.3";0,7;NA;"Chart"
"723";"Wed, Jun 27, 2012";"10:30";NA;"USÂ DOE Distillate Inventories";-2279;"1225";1156;NA;"Chart"
"724";"";"10:30";NA;"USÂ DOE Crude Oil Inventories";-133;"-1300";2861;NA;"Chart"
"725";"";"10:30";NA;"USÂ DOE Gasoline Inventories";2078;"1000";943;NA;"Chart"
"726";"";"10:30";NA;"USÂ DOE Refinery Utilization";0,7;"0";-0,1;NA;"Chart"
"727";"Wed, Jun 20, 2012";"10:30";NA;"USÂ DOE Distillate Inventories";1156;"1000";-63;NA;"Chart"
"728";"";"10:30";NA;"USÂ DOE Crude Oil Inventories";2861;"-1300";-191;NA;"Chart"
"729";"";"10:30";NA;"USÂ DOE Gasoline Inventories";943;"1000";-1724;NA;"Chart"
"730";"";"10:30";NA;"USÂ DOE Refinery Utilization";-0,1;"0.3";1;NA;"Chart"
"731";"Wed, Jun 13, 2012";"10:30";NA;"USÂ DOE Distillate Inventories";-63;"1175";2253;NA;"Chart"
"732";"";"10:30";NA;"USÂ DOE Crude Oil Inventories";-191;"-1500";-111;NA;"Chart"
"733";"";"10:30";NA;"USÂ DOE Gasoline Inventories";-1724;"1400";3346;NA;"Chart"
"734";"";"10:30";NA;"USÂ DOE Refinery Utilization";1;"0";1,9;NA;"Chart"
"735";"Wed, Jun 06, 2012";"10:30";NA;"USÂ DOE Distillate Inventories";2253;"-250";-1709;NA;"Chart"
"736";"";"10:30";NA;"USÂ DOE Crude Oil Inventories";-111;"-500";2213;NA;"Chart"
"737";"";"10:30";NA;"USÂ DOE Gasoline Inventories";3346;"950";-833;NA;"Chart"
"738";"";"10:30";NA;"USÂ DOE Refinery Utilization";1,9;"0.5";1;NA;"Chart"
"739";"Thu, May 31, 2012";"11:00";NA;"USÂ DOE Distillate Inventories";-1709;"0";-309;NA;"Chart"
"740";"";"11:00";NA;"USÂ DOE Crude Oil Inventories";2213;"1000";883;NA;"Chart"
"741";"";"11:00";NA;"USÂ DOE Gasoline Inventories";-833;"-1000";-3299;NA;"Chart"
"742";"";"11:00";NA;"USÂ DOE Refinery Utilization";1;"0.4";-0,2;NA;"Chart"
"743";"Wed, May 23, 2012";"10:30";NA;"USÂ DOE Distillate Inventories";-309;"-500";NA;NA;"Chart"
"744";"";"10:30";NA;"USÂ DOE Crude Oil Inventories";883;"1650";NA;NA;"Chart"
"745";"";"10:30";NA;"USÂ DOE Gasoline Inventories";-3299;"-650";NA;NA;"Chart"
"746";"";"10:30";NA;"USÂ DOE Refinery Utilization";-0,2;"0.3";NA;NA;"Chart"
"747";"Wed, May 16, 2012";"10:30";NA;"USÂ DOE Distillate Inventories";-969;"150";-3251;NA;"Chart"
"748";"";"10:30";NA;"USÂ DOE Crude Oil Inventories";2128;"1750";3652;NA;"Chart"
"749";"";"10:30";NA;"USÂ DOE Gasoline Inventories";-2797;"-100";-2613;NA;"Chart"
"750";"";"10:30";NA;"USÂ DOE Refinery Utilization";1,9;"0.5";0,4;NA;"Chart"
"751";"Wed, May 09, 2012";"10:30";NA;"USÂ DOE Distillate Inventories";-3251;"125";-1903;NA;"Chart"
"752";"";"10:30";NA;"USÂ DOE Crude Oil Inventories";3652;"2000";2840;NA;"Chart"
"753";"";"10:30";NA;"USÂ DOE Gasoline Inventories";-2613;"-750";-2009;NA;"Chart"
"754";"";"10:30";NA;"USÂ DOE Refinery Utilization";0,4;"0.5";1,3;NA;"Chart"
"755";"Wed, May 02, 2012";"10:30";NA;"USÂ DOE Distillate Inventories";-1903;"-350";-3052;NA;"Chart"
"756";"";"10:30";NA;"USÂ DOE Crude Oil Inventories";2840;"2500";3978;NA;"Chart"
"757";"";"10:30";NA;"USÂ DOE Gasoline Inventories";-2009;"-1500";-2235;NA;"Chart"
"758";"";"10:30";NA;"USÂ DOE Refinery Utilization";1,3;"0.4";0,1;NA;"Chart"
"759";"Wed, Apr 25, 2012";"10:30";NA;"USÂ DOE Distillate Inventories";-3052;"500";-2908;NA;"Chart"
"760";"";"10:30";NA;"USÂ DOE Crude Oil Inventories";3978;"2800";3856;NA;"Chart"
"761";"";"10:30";NA;"USÂ DOE Gasoline Inventories";-2235;"-1500";-3671;NA;"Chart"
"762";"";"10:30";NA;"USÂ DOE Refinery Utilization";0,1;"0.5";0,8;NA;"Chart"
"763";"Wed, Apr 18, 2012";"10:30";NA;"USÂ DOE Distillate Inventories";-2908;"-125";-4000;NA;"Chart"
"764";"";"10:30";NA;"USÂ DOE Crude Oil Inventories";3856;"1800";2791;NA;"Chart"
"765";"";"10:30";NA;"USÂ DOE Gasoline Inventories";-3671;"-1100";-4277;NA;"Chart"
"766";"";"10:30";NA;"USÂ DOE Refinery Utilization";0,8;"0.6";-1,9;NA;"Chart"
"767";"Wed, Apr 11, 2012";"10:30";NA;"USÂ DOE Distillate Inventories";-4000;"-250";19;NA;"Chart"
"768";"";"10:30";NA;"USÂ DOE Crude Oil Inventories";2791;"2000";9009;NA;"Chart"
"769";"";"10:30";NA;"USÂ DOE Gasoline Inventories";-4277;"-1375";-1457;NA;"Chart"
"770";"";"10:30";NA;"USÂ DOE Refinery Utilization";-1,9;"0.3";1,2;NA;"Chart"
"771";"Wed, Apr 04, 2012";"10:30";NA;"USÂ DOE Distillate Inventories";19;"-500";-711;NA;"Chart"
"772";"";"10:30";NA;"USÂ DOE Crude Oil Inventories";9009;"2500";7102;NA;"Chart"
"773";"";"10:30";NA;"USÂ DOE Gasoline Inventories";-1457;"-1400";-3537;NA;"Chart"
"774";"";"10:30";NA;"USÂ DOE Refinery Utilization";1,2;"0.35";2,3;NA;"Chart"
"775";"Wed, Mar 28, 2012";"10:30";NA;"USÂ DOE Distillate Inventories";-711;"-500";1763;NA;"Chart"
"776";"";"10:30";NA;"USÂ DOE Crude Oil Inventories";7102;"2550";-1162;NA;"Chart"
"777";"";"10:30";NA;"USÂ DOE Gasoline Inventories";-3537;"-1550";-1214;NA;"Chart"
"778";"";"10:30";NA;"USÂ DOE Refinery Utilization";2,3;"0.3";-0,5;NA;"Chart"
"779";"Wed, Mar 21, 2012";"10:30";NA;"USÂ DOE Distillate Inventories";1763;"-1500";-4682;NA;"Chart"
"780";"";"10:30";NA;"USÂ DOE Crude Oil Inventories";-1162;"2200";1750;NA;"Chart"
"781";"";"10:30";NA;"USÂ DOE Gasoline Inventories";-1214;"-2000";-1410;NA;"Chart"
"782";"";"10:30";NA;"USÂ DOE Refinery Utilization";-0,5;"0";-1,2;NA;"Chart"
"783";"Wed, Mar 14, 2012";"10:30";NA;"USÂ DOE Distillate Inventories";-4682;"-1500";-1944;NA;"Chart"
"784";"";"10:30";NA;"USÂ DOE Crude Oil Inventories";1750;"1600";832;NA;"Chart"
"785";"";"10:30";NA;"USÂ DOE Gasoline Inventories";-1410;"-1000";-396;NA;"Chart"
"786";"";"10:30";NA;"USÂ DOE Refinery Utilization";-1,2;"0";0,3;NA;"Chart"
"787";"Wed, Mar 07, 2012";"10:30";NA;"USÂ DOE Distillate Inventories";-1944;"-1650";-2069;NA;"Chart"
"788";"";"10:30";NA;"USÂ DOE Crude Oil Inventories";832;"1500";4160;NA;"Chart"
"789";"";"10:30";NA;"USÂ DOE Gasoline Inventories";-396;"-1600";-1600;NA;"Chart"
"790";"";"10:30";NA;"USÂ DOE Refinery Utilization";0,3;"0";-1,9;NA;"Chart"
"791";"Wed, Feb 29, 2012";"10:30";NA;"USÂ DOE Distillate Inventories";-2069;"-750";-208;NA;"Chart"
"792";"";"10:30";NA;"USÂ DOE Crude Oil Inventories";4160;"1100";1633;NA;"Chart"
"793";"";"10:30";NA;"USÂ DOE Gasoline Inventories";-1600;"-425";-649;NA;"Chart"
"794";"";"10:30";NA;"USÂ DOE Refinery Utilization";-1,9;"0.5";1,5;NA;"Chart"
"795";"Thu, Feb 23, 2012";"11:00";NA;"USÂ DOE Distillate Inventories";-208;"-1500";-2867;NA;"Chart"
"796";"";"11:00";NA;"USÂ DOE Crude Oil Inventories";1633;"1350";-171;NA;"Chart"
"797";"";"11:00";NA;"USÂ DOE Gasoline Inventories";-649;"250";400;NA;"Chart"
"798";"";"11:00";NA;"USÂ DOE Refinery Utilization";1,5;"-0.5";1,2;NA;"Chart"
"799";"Wed, Feb 15, 2012";"10:30";NA;"USÂ DOE Distillate Inventories";-2867;"-1100";1174;NA;"Chart"
"800";"";"10:30";NA;"USÂ DOE Crude Oil Inventories";-171;"1500";304;NA;"Chart"
"801";"";"10:30";NA;"USÂ DOE Gasoline Inventories";400;"700";1629;NA;"Chart"
"802";"";"10:30";NA;"USÂ DOE Refinery Utilization";1,2;"-0.15";1;NA;"Chart"
"803";"Wed, Feb 08, 2012";"10:30";NA;"USÂ DOE Distillate Inventories";1174;"-875";-135;NA;"Chart"
"804";"";"10:30";NA;"USÂ DOE Crude Oil Inventories";304;"2500";4175;NA;"Chart"
"805";"";"10:30";NA;"USÂ DOE Gasoline Inventories";1629;"875";3017;NA;"Chart"
"806";"";"10:30";NA;"USÂ DOE Refinery Utilization";1;"-0.4";-0,4;NA;"Chart"
"807";"Wed, Feb 01, 2012";"10:30";NA;"USÂ DOE Distillate Inventories";-135;"-1375";-2456;NA;"Chart"
"808";"";"10:30";NA;"USÂ DOE Crude Oil Inventories";4175;"2600";3558;NA;"Chart"
"809";"";"10:30";NA;"USÂ DOE Gasoline Inventories";3017;"500";-390;NA;"Chart"
"810";"";"10:30";NA;"USÂ DOE Refinery Utilization";-0,4;"0";-1,5;NA;"Chart"
"811";"Wed, Jan 25, 2012";"10:30";NA;"USÂ DOE Distillate Inventories";-2456;"-125";438;NA;"Chart"
"812";"";"10:30";NA;"USÂ DOE Crude Oil Inventories";3558;"1450";-3438;NA;"Chart"
"813";"";"10:30";NA;"USÂ DOE Gasoline Inventories";-390;"2000";3717;NA;"Chart"
"814";"";"10:30";NA;"USÂ DOE Refinery Utilization";-1,5;"-0.4";-1,9;NA;"Chart"
"815";"Thu, Jan 19, 2012";"11:00";NA;"USÂ DOE Distillate Inventories";438;"1375";3985;NA;"Chart"
"816";"";"11:00";NA;"USÂ DOE Crude Oil Inventories";-3438;"3000";4958;NA;"Chart"
"817";"";"11:00";NA;"USÂ DOE Gasoline Inventories";3717;"2350";3610;NA;"Chart"
"818";"";"11:00";NA;"USÂ DOE Refinery Utilization";-1,9;"-0.5";0,6;NA;"Chart"
"819";"Wed, Jan 11, 2012";"10:30";NA;"USÂ DOE Distillate Inventories";3985;"2250";3224;NA;"Chart"
"820";"";"10:30";NA;"USÂ DOE Crude Oil Inventories";4958;"1000";2209;NA;"Chart"
"821";"";"10:30";NA;"USÂ DOE Gasoline Inventories";3610;"2550";2479;NA;"Chart"
"822";"";"10:30";NA;"USÂ DOE Refinery Utilization";0,6;"0.5";0,8;NA;"Chart"
"823";"Thu, Jan 05, 2012";"11:00";NA;"USÂ DOE Distillate Inventories";3224;"1000";1205;NA;"Chart"
"824";"";"11:00";NA;"USÂ DOE Crude Oil Inventories";2209;"-1000";3899;NA;"Chart"
"825";"";"11:00";NA;"USÂ DOE Gasoline Inventories";2479;"1000";-692;NA;"Chart"
"826";"";"11:00";NA;"USÂ DOE Refinery Utilization";0,8;"0.5";-0,7;NA;"Chart"
"827";"Thu, Dec 29, 2011";"11:00";NA;"USÂ DOE Distillate Inventories";1205;"-650";-2353;NA;"Chart"
"828";"";"11:00";NA;"USÂ DOE Crude Oil Inventories";3899;"-2500";-10570;NA;"Chart"
"829";"";"11:00";NA;"USÂ DOE Gasoline Inventories";-692;"-500";-412;NA;"Chart"
"830";"";"11:00";NA;"USÂ DOE Refinery Utilization";-0,7;"0";-0,2;NA;"Chart"